Date,Energy,Agriculture,Food,Grains,Fertilizers,Energy_mom12,Agriculture_mom12,Fertilizers_mom12,E_z,A_z,F_z,IDE_core,No_E,No_A,No_F,Only_E,Only_A,Only_F,status,explanation
1996-01-31,26.4,67.31,67.39,83.39,34.28,0.13830467137718028,0.016779419891790326,-0.22896090338012298,1.2985350443873016,-0.38513740257250145,-1.6087931906835173,2.2210025106773617,1.3018667389472542,2.306476598522972,3.1374401849305396,3.9279416508681773,2.0244420901552895,0.8337811529954184,GREEN,IDE-food is GREEN. No current agro-energy regime alert under this specification.
1996-02-29,28.36,68.6,68.66,86.55,34.66,0.1845808065547021,0.023749180211663834,-0.2749791106518513,1.594637912972195,-0.2594383641569241,-1.8565389338295735,2.288634704124184,1.2305985047824735,2.336545372390581,3.383787724406933,4.156338123648498,2.177508878679084,0.6755348883664752,GREEN,IDE-food is GREEN. No current agro-energy regime alert under this specification.
1996-03-31,28.54,68.55,68.65,90.05,34.9,0.19473181337786905,0.02227394983449482,-0.31034593202899297,1.620240492763275,-0.28327655674004076,-2.013550663414166,2.222842022908425,1.1441207580795443,2.254970308806392,3.386831058639539,4.1741414701505635,2.148253341238276,0.5889375726075909,GREEN,IDE-food is GREEN. No current agro-energy regime alert under this specification.
1996-04-30,28.93,71.34,72.23,94.24,44.98,0.1328896549744596,0.06860246350565724,-0.09716786550131307,1.151704294388547,0.5432337378256905,-0.6300277817563225,2.9276986294443836,2.389419120692272,2.8242117129822994,3.524635272303095,3.7991103779199986,3.162821732043385,1.737521192025222,GREEN,IDE-food is GREEN. No current agro-energy regime alert under this specification.
1996-05-31,26.73,72.29,73.07,98.17,46.28,0.06172417859532686,0.0821313908896748,0.07397501111111149,0.6455600250180764,0.7798065620294518,0.4299299921949313,3.2401185554960588,3.218444702704285,3.156438467607807,3.349264656852815,3.2800461406001995,3.4281921106472177,3.0292847554521853,WATCH,IDE-food is in WATCH. Stress is elevated but below the RED threshold.
1996-06-30,26.16,70.65,70.95,93.4,46.72,0.08119015473001312,0.061739893181935734,0.3443369869608168,0.7719671177164542,0.40428781292222926,2.100465197792377,3.7760892822983685,3.943922402853351,4.039340089035435,3.2308762034465013,3.4197313355058325,2.9985870795976344,4.454741926724942,RED_STRUCTURAL,"IDE-food is in RED_STRUCTURAL regime. The agro-energy triad is elevated and remains structurally coherent under soft ablation. Historically, this state is associated with high domestic food-inflation regimes at 6–12 month horizons."
1996-07-31,27.56,69.62,69.96,91.56,48.45,0.2095391250858798,0.030331867425871017,0.3710786379047679,1.6450150515779771,-0.16655575558215646,2.1788945127092814,3.9193826202378745,3.7479051271330017,4.3561929910907375,3.4593810646592047,4.191080908562715,2.2922852650762535,4.4916907801539745,RED_STRUCTURAL,"IDE-food is in RED_STRUCTURAL regime. The agro-energy triad is elevated and remains structurally coherent under soft ablation. Historically, this state is associated with high domestic food-inflation regimes at 6–12 month horizons."
1996-08-31,28.01,69.02,68.96,85.81,48.92,0.20931599541906643,0.036292521156903845,0.3807326103869646,1.5988784588235077,-0.056824789035132856,2.1457246364445783,3.9237488126949605,3.7784223384044973,4.333621805819359,3.4867471661644096,4.159307879556582,2.4289881211260944,4.476342919769822,RED_STRUCTURAL,"IDE-food is in RED_STRUCTURAL regime. The agro-energy triad is elevated and remains structurally coherent under soft ablation. Historically, this state is associated with high domestic food-inflation regimes at 6–12 month horizons."
1996-09-30,29.89,67.31,66.54,74.83,48.28,0.2375492593478068,0.016779419891790326,0.3675636957973234,1.7473530914408593,-0.4141666509288147,1.985045273836352,3.826616406513492,3.5317442023917613,4.330089391790915,3.3955977925040117,4.25809319167624,1.9895672925078778,4.396089822430667,RED_STRUCTURAL,"IDE-food is in RED_STRUCTURAL regime. The agro-energy triad is elevated and remains structurally coherent under soft ablation. Historically, this state is associated with high domestic food-inflation regimes at 6–12 month horizons."
1996-10-31,32.33,65.19,63.12,69.91,47.03,0.3396321884436051,-0.032151286386157274,0.33715288496501294,2.3725756993401026,-1.3133165702756513,1.74543222385116,3.701287941309575,2.9132992980344654,4.434271310872243,3.3090768735214304,4.573560078933183,1.0596619555788773,4.256878726023505,RED,"IDE-food is in RED regime. The global agro-energy stress score is high, but structural confirmation should be reviewed manually."
1996-11-30,31.5,64.9,62.83,67.59,47.08,0.2673608536385075,-0.04341954246886104,0.32020760470463117,1.802046279713186,-1.4948576705368282,1.6023219846271604,3.3883358160409447,2.715531681548467,4.229098899475534,2.848219352201374,4.291989224364798,0.9159686842799019,4.161713321820917,WATCH,IDE-food is in WATCH. Stress is elevated but below the RED threshold.
1996-12-31,33.86,64.47,63.21,67.77,47.35,0.2599159939939515,-0.04132442760953037,0.3230047259025084,1.7023893621591613,-1.4231706291120056,1.5780596211949052,3.364362606894603,2.7403508833978822,4.187827408622412,2.8229641649216224,4.229232708837897,0.9708250506583485,4.14464768727918,WATCH,IDE-food is in WATCH. Stress is elevated but below the RED threshold.
1997-01-31,32.69,66.5,65.38,70.15,47.17,0.21370521058384861,-0.012106866360813484,0.3191960035665913,1.3693458417644715,-0.8656274058070035,1.5197997438795037,3.3975411339633212,3.0160202559171023,4.04580887984608,2.9183040582763384,3.9863722195213556,1.4808248086752591,4.102544949841191,WATCH,IDE-food is in WATCH. Stress is elevated but below the RED threshold.
1997-02-28,28.44,68.02,66.25,69.91,45.24,0.002816903271113169,-0.008490755152790186,0.26639536696045996,0.03670284632530247,-0.7898513467591274,1.2023450435294742,2.7450993554112046,2.8512482472606626,3.2505513476932744,2.073239640550458,2.5458734083539736,1.5610029452086995,3.8447084549366166,GREEN,IDE-food is GREEN. No current agro-energy regime alert under this specification.
1997-03-31,26.26,69.95,67.52,70.29,43.47,-0.0832597431740405,0.020217295103167388,0.21958421579231935,-0.5002818970081613,-0.2601055890167987,0.932035537157646,2.5913119839128482,2.9715557964780706,2.7688029209208445,2.019271063758878,1.8873721212101535,2.176688761275192,3.587440346577559,GREEN,IDE-food is GREEN. No current agro-energy regime alert under this specification.
1997-04-30,24.59,69.49,66.46,69.15,41.42,-0.16253926275994246,-0.026274322604509237,-0.08245409056373143,-0.993032018727543,-1.1075987101308573,-0.6981027485219717,1.4205380560494103,1.4585423259247332,1.5018176292200125,1.300057337906949,1.3515680666605483,1.2415941710273373,1.6611650352525142,GREEN,IDE-food is GREEN. No current agro-energy regime alert under this specification.
1997-05-31,26.64,69.73,63.67,67.97,37.86,-0.003372684478639254,-0.03605516577928647,-0.20081475654429903,0.01762436943391234,-1.2699233898428297,-1.3278057510920487,1.5081578436031449,1.0699074589862008,1.7092164022573006,1.798543787068952,2.5220298915545407,1.0963518338274991,1.0476127567078601,GREEN,IDE-food is GREEN. No current agro-energy regime alert under this specification.
1997-06-30,24.85,67.5,61.31,63.56,37.19,-0.05137377404636023,-0.04561051125205218,-0.22813243058299282,-0.2853916173722325,-1.4222209334334948,-1.450418319829849,1.3113535199438275,0.959738270111467,1.478452106854532,1.5393650357717357,2.1456622394285567,0.971568236937942,0.9496859726793814,GREEN,IDE-food is GREEN. No current agro-energy regime alert under this specification.
1997-07-31,25.7,65.0,59.99,60.59,37.66,-0.06987445424428351,-0.06866461248765621,-0.251933815107769,-0.4008791225046808,-1.8112450807061795,-1.5484093121196583,1.1347408105623975,0.7923088163292821,1.3697788982557677,1.2943814515026892,2.0055056979800354,0.7024385689502674,0.8765806583249347,GREEN,IDE-food is GREEN. No current agro-energy regime alert under this specification.
1997-08-31,26.47,64.13,60.04,61.56,35.97,-0.05654957303300723,-0.07348404450908586,-0.3075010531114395,-0.31290580058086026,-1.8489852589544515,-1.808343528306424,1.0732397513451035,0.6929197951111296,1.2859504930441992,1.3233208660953704,2.112028124160932,0.6799604162899924,0.7041922225841294,GREEN,IDE-food is GREEN. No current agro-energy regime alert under this specification.
1997-09-30,26.71,63.58,60.3,60.68,33.93,-0.11248594917397714,-0.05700985853996521,-0.35271781743319197,-0.6698697617726925,-1.5100594717281797,-1.9960009120249014,1.0001774388230111,0.7266426490888487,1.043371202896706,1.2887943500180599,1.6926300196417183,0.9046498980623046,0.5981172021460495,GREEN,IDE-food is GREEN. No current agro-energy regime alert under this specification.
1997-10-31,28.42,62.38,60.62,62.38,33.86,-0.12890246906838687,-0.04406137175679081,-0.32855131925196757,-0.7696717072183674,-1.2545185193940387,-1.812842476915673,1.0875506774205574,0.8717152255156623,1.0782005547610902,1.351158685730418,1.5827506343161808,1.109594708227088,0.7014746874184791,GREEN,IDE-food is GREEN. No current agro-energy regime alert under this specification.
1997-11-30,27.34,62.43,61.57,60.67,34.6,-0.14163671453578353,-0.03880169463639138,-0.3079946003283971,-0.844486420570193,-1.1437683246807024,-1.6629327321452623,1.1390425102505,0.970709458689214,1.1102932700433845,1.3618645775439568,1.502953670675798,1.208145820167915,0.7968435263392565,GREEN,IDE-food is GREEN. No current agro-energy regime alert under this specification.
1997-12-31,24.2,61.59,60.57,60.19,34.69,-0.33588174354234823,-0.045700479623576484,-0.31111535865042894,-2.092654310659903,-1.2474264964900643,-1.6413622349486112,0.7847270069572525,0.9426840644335112,0.6694413498495664,0.7706631128931694,0.5490641804314217,1.115729712480082,0.8113989413160518,GREEN,IDE-food is GREEN. No current agro-energy regime alert under this specification.
1998-01-31,21.87,60.19,60.06,60.72,34.15,-0.4019533860474427,-0.09969572210212885,-0.32299551127937143,-2.4466928870789233,-2.1604850285834534,-1.664419807394772,0.5518167820120182,0.6543018090593385,0.5674607307591019,0.449606206850305,0.3984036428464948,0.5167774684514399,0.7958479111030162,GREEN,IDE-food is GREEN. No current agro-energy regime alert under this specification.
1998-02-28,21.01,61.34,59.95,61.23,32.9,-0.30279809007813085,-0.10336962089294399,-0.3185089934765939,-1.7386701386464178,-2.1526687500919293,-1.6061814889139108,0.6992726623064632,0.6744445482218189,0.7905051141157201,0.6338932507696968,0.7474096521163749,0.5204105085941519,0.8355971939180853,GREEN,IDE-food is GREEN. No current agro-energy regime alert under this specification.
1998-03-31,19.9,59.93,59.08,61.24,33.9,-0.2773271371442032,-0.15460348664139634,-0.24865603061429642,-1.5434412257792343,-2.9323224176603535,-1.2352737173480304,0.6780464724821442,0.5863569595140666,0.9975517633250495,0.5057719529824968,0.8801778926668964,0.25289342421751454,1.1262986747353663,GREEN,IDE-food is GREEN. No current agro-energy regime alert under this specification.
1998-04-30,20.39,60.28,60.2,59.62,36.19,-0.18729527164173732,-0.14218248356794128,-0.134981018391787,-0.9692872824638267,-2.5827395555715578,-0.6691326814293892,1.0307676854602426,0.8737457713453513,1.5296569226288228,0.7632555302237478,1.3751129236187059,0.35128784177319905,1.693455375650049,GREEN,IDE-food is GREEN. No current agro-energy regime alert under this specification.
1998-05-31,21.01,58.79,59.46,59.7,35.62,-0.2374153308152791,-0.17065886881875514,-0.060987867919661376,-1.2619276790751837,-2.9132737467193666,-0.30557860294251105,0.9712642499493135,0.9053386604480849,1.567557812507052,0.5834850285917034,1.1032111574813976,0.2575064076755847,2.1209715848473567,GREEN,IDE-food is GREEN. No current agro-energy regime alert under this specification.
1998-06-30,18.55,56.52,57.42,58.77,34.74,-0.2923879634891935,-0.17753304006215753,-0.06814814712401995,-1.5752390652313188,-2.868291259489248,-0.33854679260875364,0.8897398921343761,0.9075717416119005,1.3875035666664015,0.5114512737085506,0.8573540182649126,0.26871741990237363,2.0808126082290865,GREEN,IDE-food is GREEN. No current agro-energy regime alert under this specification.
1998-07-31,18.44,55.74,56.84,57.53,34.4,-0.33196877377272616,-0.15368924784183502,-0.09054195884965344,-1.7819560299925665,-2.390025959409938,-0.44594706980609916,0.9145359114889879,1.0349098665572274,1.2356746585210567,0.5639251509949162,0.7203088601096923,0.4196821791406967,1.9516240874595745,GREEN,IDE-food is GREEN. No current agro-energy regime alert under this specification.
1998-08-31,17.69,54.37,54.35,53.06,34.19,-0.4030125080673157,-0.16509974200294186,-0.05075205405632266,-2.1618303736430162,-2.463214134138356,-0.24762422280459143,0.8523688064057825,1.0961115076018146,1.1531766207420457,0.45522960431538023,0.5161544142961306,0.39238789771202803,2.1920417248593513,GREEN,IDE-food is GREEN. No current agro-energy regime alert under this specification.
1998-09-30,19.49,54.66,54.16,52.7,33.78,-0.3151365136024,-0.1511667749827348,-0.004430667416484457,-1.5874739354037475,-2.184002794150264,-0.017544096954876572,1.1423618949109353,1.3276238776734715,1.5474453598061682,0.6718880529816847,0.848697966972585,0.5059813489373902,2.47807044128818,GREEN,IDE-food is GREEN. No current agro-energy regime alert under this specification.
1998-10-31,18.4,55.13,54.82,55.48,32.58,-0.4347424580540147,-0.12355067857806468,-0.038535773531089834,-2.245757852798383,-1.7525805384967261,-0.18673044788008053,1.0073395297230279,1.4355819540262929,1.1429904282476802,0.5865585457332999,0.4785800622893714,0.7386100611687799,2.267262809217908,GREEN,IDE-food is GREEN. No current agro-energy regime alert under this specification.
1998-11-30,16.88,55.96,56.49,54.79,31.64,-0.4822213421279926,-0.10940877927637249,-0.08943153916422553,-2.4430980772471655,-1.530058090041943,-0.4396520749366425,0.9362492059697384,1.4015581103609842,0.9566625023247811,0.5847191866527344,0.3997237037561186,0.8899259333943389,1.959119379766704,GREEN,IDE-food is GREEN. No current agro-energy regime alert under this specification.
1998-12-31,15.2,54.93,54.73,54.28,30.9,-0.4650572053104103,-0.11443987234442332,-0.1156952770779589,-2.2624218754971874,-1.5688831917509005,-0.5685165600881289,0.9411950915633519,1.3152031680189786,0.9768642503350184,0.6269621151211754,0.47141675998780114,0.8618782993320145,1.8078959564067036,GREEN,IDE-food is GREEN. No current agro-energy regime alert under this specification.
1999-01-31,16.64,55.16,55.02,55.89,30.69,-0.27330639929561373,-0.08726817263457853,-0.10682571738515412,-1.161411936807783,-1.1902515274461754,-0.5200135961588023,1.398878586433476,1.5189082138456533,1.506923441883412,1.1800121408476987,1.192054117765238,1.166069766529961,1.8642452722782095,GREEN,IDE-food is GREEN. No current agro-energy regime alert under this specification.
1999-02-28,15.61,52.7,51.59,52.97,31.81,-0.2970867803295687,-0.15181670313878914,-0.03369195201027342,-1.27508074719799,-2.006870855234811,-0.1474202506400294,1.2487588637718527,1.339181429265791,1.646612922723438,0.8309803604162292,1.091943763163736,0.5924170582744526,2.3160576968038615,GREEN,IDE-food is GREEN. No current agro-energy regime alert under this specification.
1999-03-31,18.01,51.31,49.78,51.97,33.91,-0.09979257254258211,-0.1552915495162206,0.0002949417511426411,-0.20244945871387504,-2.0005831850735323,0.0257931052271086,1.701447160210703,1.4355543217013211,2.389661506929987,1.3131367070803286,2.247798976811286,0.5957085246341278,2.5322395941791114,GREEN,IDE-food is GREEN. No current agro-energy regime alert under this specification.
1999-04-30,21.45,50.57,49.03,49.95,32.34,0.050680060787662295,-0.17564185866640303,-0.11247798342669046,0.6077216814025872,-2.205451839282648,-0.5494899178496813,1.724815139131318,1.059274974327384,2.5363922813406368,1.6694245647751669,3.237104559002049,0.4963098967172036,1.829913800208893,GREEN,IDE-food is GREEN. No current agro-energy regime alert under this specification.
1999-05-31,21.43,50.31,47.72,50.08,32.4,0.019793294628576596,-0.15576790791093664,-0.09474885506323183,0.4369638099844228,-1.89876658107779,-0.4551892177757883,1.799257347145329,1.2287068363168598,2.4886091989559334,1.7250284925407808,3.037676650613204,0.6512406836850984,1.9406384687090061,GREEN,IDE-food is GREEN. No current agro-energy regime alert under this specification.
1999-06-30,22.18,49.94,46.62,50.72,32.16,0.17872119286877686,-0.1237722729646995,-0.07716831650219325,1.295230885115388,-1.4688177965058966,-0.3621427653489287,2.357573767427349,1.473239676604712,3.0728272811179247,2.524394361959005,3.925156273570674,0.935611847903336,2.0522048100913994,GREEN,IDE-food is GREEN. No current agro-energy regime alert under this specification.
1999-07-31,25.68,48.34,44.5,47.88,31.57,0.3311902606933126,-0.14243864677846485,-0.0858492618094524,2.1015096048692348,-1.6710841617307588,-0.4049494561681956,2.6155062097837085,1.3552327280232497,3.501031122022095,2.9455803749558926,4.455249089215515,0.7913984273328826,2.000618814223526,GREEN,IDE-food is GREEN. No current agro-energy regime alert under this specification.
1999-08-31,27.65,49.3,46.47,48.25,31.85,0.4466262197966495,-0.09788845010918479,-0.07089582163303731,2.6606848748926093,-1.108834420505502,-0.32518108874838036,3.094375106878799,1.6736516642622512,3.813692097348789,3.576134119506113,4.67333250467224,1.2404412623058119,2.097067991848131,WATCH,IDE-food is in WATCH. Stress is elevated but below the RED threshold.
1999-09-30,29.71,50.17,47.59,47.61,31.89,0.4215821759550469,-0.08571494200376018,-0.05757643035768778,2.4321109622264387,-0.9518269087550576,-0.25413582316939526,3.0848927034086624,1.7990981421875938,3.740955132050889,3.5240338105042475,4.596216893972338,1.392587821635884,2.1840289761313905,WATCH,IDE-food is in WATCH. Stress is elevated but below the RED threshold.
1999-10-31,29.6,50.06,47.14,46.15,31.45,0.4754236967150747,-0.09647174659796409,-0.035299620027449574,2.6262921467655485,-1.0715815842566516,-0.13637992000909105,3.170671927593042,1.8084789859245312,3.8821275959700037,3.574783817020785,4.662673240721938,1.2755121347588525,2.3297888382045087,WATCH,IDE-food is in WATCH. Stress is elevated but below the RED threshold.
1999-11-30,31.94,50.0,46.34,46.85,31.14,0.6377296536190555,-0.11261414436913464,-0.01592897649360081,3.3293969981404126,-1.2532691810112202,-0.0339715739882714,3.425616991551997,1.7754673789469542,4.192908386275287,3.855312417719678,4.8271182332992755,1.1106737050198368,2.4575396159497584,WATCH,IDE-food is in WATCH. Stress is elevated but below the RED threshold.
1999-12-31,33.09,49.86,45.86,46.82,31.26,0.7779356940812905,-0.096840569259117,0.011583141089630988,3.811563487414922,-1.0507114195619356,0.11139838043394619,3.711371708067921,1.976652398480523,4.383465670509286,4.137089346292775,4.891824264452011,1.2954425606863493,2.6391041530543404,RED,"IDE-food is in RED regime. The global agro-energy stress score is high, but structural confirmation should be reviewed manually."
2000-01-31,33.32,50.28,47.44,49.07,32.77,0.6943483819055793,-0.09263066920305407,0.06557659407907845,3.189985371221167,-0.9904786373372737,0.3971880893250147,3.6139737813052975,2.1973990610145218,4.2868322870551685,3.895595641043212,4.802278324216372,1.3540877409081007,2.9900594063638417,RED,"IDE-food is in RED regime. The global agro-energy stress score is high, but structural confirmation should be reviewed manually."
2000-02-29,36.15,50.37,47.91,49.7,34.59,0.839765214077433,-0.045219695789757264,0.08378391718802503,3.653940166800497,-0.41781470568032497,0.49201674097348047,3.9506759583930338,2.590079155461772,4.441244765141975,4.275186538068809,4.87382200763037,1.9851989497265539,3.1029070488336665,RED,"IDE-food is in RED regime. The global agro-energy stress score is high, but structural confirmation should be reviewed manually."
2000-03-31,36.13,50.0,47.33,48.5,34.39,0.6961963859716844,-0.025862659525727416,0.014055868306627861,2.8544111930751574,-0.18456784350031197,0.11675571558190645,3.640038695030231,2.472105287324429,4.077072238248736,4.051380720993736,4.727731277748822,2.269942905251181,2.6457790783069144,RED,"IDE-food is in RED regime. The global agro-energy stress score is high, but structural confirmation should be reviewed manually."
2000-04-30,31.3,50.36,47.98,47.85,33.6,0.37789345217208137,-0.0041613059157454835,0.03822121282019797,1.4979801019876309,0.07643923447713216,0.24590366176223524,3.266176656671886,2.7091218308776006,3.525748012536821,3.4943096323119014,4.086365111505036,2.595502546188428,2.8058399848969864,EARLY_AGROENERGY_WATCH,"IDE-food is in EARLY_AGROENERGY_WATCH. Energy and/or fertilizers are elevated, while agriculture has not fully joined the regime. This may correspond to an early latency configuration rather than a full RED regime."
2000-05-31,37.07,50.04,47.47,47.93,34.71,0.5480162076771551,-0.005381178904516837,0.06886940707541145,2.1376886381618614,0.06140869781245076,0.40991368924650423,3.5650861678336723,2.80973204590962,3.9069637501166494,3.824204551056926,4.472563549048666,2.576736759074388,3.005335914841242,RED,"IDE-food is in RED regime. The global agro-energy stress score is high, but structural confirmation should be reviewed manually."
2000-06-30,40.51,49.14,46.46,45.29,36.74,0.6023578752923782,-0.016148917758594283,0.1331426354762142,2.2941110571619943,-0.06910701487499331,0.7554789293309149,3.700630814560325,2.96321325936251,4.106217413968069,3.8456409435322048,4.54194071756741,2.4136505941480983,3.40185678311799,RED,"IDE-food is in RED regime. The global agro-energy stress score is high, but structural confirmation should be reviewed manually."
2000-07-31,39.07,47.95,44.95,42.36,39.24,0.41964243024521863,-0.0081005739458897,0.21748933212726218,1.5461893815914352,0.02897852772206004,1.207430056918036,3.6280481418276307,3.3002638101133455,3.992390692083111,3.498571987676748,4.121813392746378,2.5362206249835975,3.84921955692985,RED_STRUCTURAL,"IDE-food is in RED_STRUCTURAL regime. The agro-energy triad is elevated and remains structurally coherent under soft ablation. Historically, this state is associated with high domestic food-inflation regimes at 6–12 month horizons."
2000-08-31,40.63,47.71,45.16,42.12,41.03,0.38488098203129173,-0.03278306152062882,0.25326612443592245,1.393784893568787,-0.2723484460754072,1.3881227715019342,3.546475656992395,3.2530839072620297,4.00372236711883,3.2565475373298325,4.00597896232009,2.1616532301970515,4.0014619259981545,RED_STRUCTURAL,"IDE-food is in RED_STRUCTURAL regime. The agro-energy triad is elevated and remains structurally coherent under soft ablation. Historically, this state is associated with high domestic food-inflation regimes at 6–12 month horizons."
2000-09-30,44.96,47.5,46.06,43.71,38.24,0.41428951611091946,-0.054687527455566265,0.1815896071612344,1.485640250398482,-0.5394794558023982,0.9845573187010072,3.343958659067277,2.849147719286304,3.873548673504472,3.1718026011993485,4.077114980423641,1.8415434120879024,3.6400577573310247,EARLY_AGROENERGY_WATCH,"IDE-food is in EARLY_AGROENERGY_WATCH. Energy and/or fertilizers are elevated, while agriculture has not fully joined the regime. This may correspond to an early latency configuration rather than a full RED regime."
2000-10-31,43.27,47.56,46.41,46.52,37.78,0.3796851929067788,-0.05123021418104701,0.18338087892691401,1.3373819002230583,-0.49402506708120325,0.9859589263747199,3.301870493594468,2.87574350027166,3.808180525675766,3.1030252543995145,3.960295330927809,1.8947291208341082,3.6414449805813494,EARLY_AGROENERGY_WATCH,"IDE-food is in EARLY_AGROENERGY_WATCH. Energy and/or fertilizers are elevated, while agriculture has not fully joined the regime. This may correspond to an early latency configuration rather than a full RED regime."
2000-11-30,45.7,47.37,46.87,47.37,35.4,0.35823915511329263,-0.054033888492485804,0.1282186537338763,1.2425740543393706,-0.5260029608347552,0.6804509837727851,3.1301911599549586,2.6543360927401976,3.617122672082619,3.0249582348000184,3.880058739258318,1.8572480772508901,3.31919672437958,WATCH,IDE-food is in WATCH. Stress is elevated but below the RED threshold.
2000-12-31,42.48,48.08,48.58,49.31,34.92,0.24980225500016218,-0.036352787868459746,0.11072040597807087,0.830250933902153,-0.3045079084511959,0.5817588785700658,2.996862326050319,2.7153557698683084,3.3475889496660614,2.8801732483430866,3.482039929317278,2.1222792952386005,3.2073601188626353,GREEN,IDE-food is GREEN. No current agro-energy regime alert under this specification.
2001-01-31,42.16,48.0,48.59,49.31,38.5,0.23531408693446476,-0.046406372814155716,0.16114477858301557,0.7710320930771878,-0.4279525055540915,0.851684789959838,3.040777057912077,2.824512445044577,3.461994521929443,2.770999227361223,3.4187205694743197,1.973076800873693,3.504602230737958,WATCH,IDE-food is in WATCH. Stress is elevated but below the RED threshold.
2001-02-28,40.68,47.44,48.1,48.0,36.24,0.11805962257558589,-0.0599300050680891,0.04659885822570109,0.33332657568461227,-0.593418545394508,0.2358720657272015,2.52649145947389,2.3167325415637903,2.8533672306968487,2.3820851285836753,2.912842815608892,1.779254331240977,2.793480676950913,GREEN,IDE-food is GREEN. No current agro-energy regime alert under this specification.
2001-03-31,36.89,47.2,47.75,47.29,35.33,0.020816966449034968,-0.05762911283663641,0.026966636926878618,-0.02876390088969729,-0.5600493400550807,0.13853078757115095,2.3382308594728967,2.2707820569183528,2.5685870885815234,2.1596604861925233,2.464047602657628,1.8176802172930222,2.672887086366355,GREEN,IDE-food is GREEN. No current agro-energy regime alert under this specification.
2001-04-30,38.21,46.62,47.16,46.08,34.82,0.19947916391270093,-0.07716757556853526,0.035665867370884285,0.6287322209023376,-0.7970523498539664,0.1943658837507058,2.5611985609396193,2.1728717518703062,3.007296271545555,2.463349880454307,3.2610097079280274,1.5532820132250351,2.7421953610213974,GREEN,IDE-food is GREEN. No current agro-energy regime alert under this specification.
2001-05-31,39.88,46.95,47.82,45.96,33.15,0.07306692793099678,-0.0637394799444384,-0.045985113241823417,0.16129210257385185,-0.6251072622358234,-0.24910724108370605,2.228243686112288,1.9794191402694794,2.445124354261886,2.248774001579053,2.7011791751319385,1.7431038868270174,2.1902162484731345,GREEN,IDE-food is GREEN. No current agro-energy regime alert under this specification.
2001-06-30,38.45,46.83,48.32,45.28,33.33,-0.052190161262946067,-0.04814934389758241,-0.0974081874673316,-0.29742768110217804,-0.43042648186365495,-0.5250371662658933,1.9861854353109414,1.9096425374199144,1.9930832296008036,2.0562361992915212,2.130932140065042,1.9701224811846239,1.8583756606188229,GREEN,IDE-food is GREEN. No current agro-energy regime alert under this specification.
2001-07-31,33.97,48.82,52.12,46.99,33.4,-0.13987712689448673,0.017981263635366673,-0.16114073471450796,-0.6145846563891755,0.38798329625645933,-0.8682927399550915,2.003424584631445,2.141888677032148,1.6134481011437483,2.3105377387891766,1.755070432510803,2.978985624028716,1.4780483571967031,GREEN,IDE-food is GREEN. No current agro-energy regime alert under this specification.
2001-08-31,35.01,48.67,51.83,46.95,33.65,-0.1488729750330613,0.01992180431734747,-0.19829045036335824,-0.6402082326937274,0.40705916291539623,-1.0601225505980076,1.919534485718666,2.0270637785152252,1.496990820023906,2.304333441473888,1.7259973481285444,3.0019125604910677,1.2864301790768269,GREEN,IDE-food is GREEN. No current agro-energy regime alert under this specification.
2001-09-30,33.76,47.15,49.42,46.59,34.44,-0.2864965358576792,-0.007395701961129042,-0.10466340862367085,-1.151525543010934,0.06825043218344456,-0.5262238159195421,1.809950258780448,2.1868396815790536,1.5088592121373832,1.784835789988847,1.2010527335741432,2.5852799391059302,1.8569902640892755,GREEN,IDE-food is GREEN. No current agro-energy regime alert under this specification.
2001-10-31,28.61,44.87,46.79,45.87,34.67,-0.4137032471747748,-0.05822265183468911,-0.08590510237643167,-1.632225815113792,-0.5561878279262465,-0.411325636370023,1.4637146482529286,1.9134038835169191,1.3234082751863885,1.215652144278517,0.817628374882955,1.8221499038955262,1.9929715052715586,GREEN,IDE-food is GREEN. No current agro-energy regime alert under this specification.
2001-11-30,26.68,46.09,48.44,46.9,35.05,-0.5381840768527364,-0.027393110203242976,-0.009936206659129532,-2.0913386592056797,-0.16957251808804516,0.012015938865294623,1.573071062063545,2.410295879828148,1.3060766999209585,1.153493942958966,0.549707561429202,2.2885408159492586,2.5150197428660253,GREEN,IDE-food is GREEN. No current agro-energy regime alert under this specification.
2001-12-31,26.25,46.31,48.47,47.5,35.77,-0.4813673878960505,-0.0375083697342915,0.024049822299525125,-1.8594871900001684,-0.2899675870383342,0.19795313018961672,1.6941335221024416,2.465950796820835,1.5174145508349108,1.216111669402724,0.6738141766471907,2.1400590115833524,2.746636558026547,GREEN,IDE-food is GREEN. No current agro-energy regime alert under this specification.
2002-01-31,26.8,46.62,48.8,48.53,36.2,-0.45307001671629576,-0.029171377300280188,-0.061599122462013156,-1.739934623976732,-0.18257948226450482,-0.28106138562967226,1.5909281862238962,2.206844615509688,1.3344120086492284,1.3240120889215878,0.7466061934550302,2.2724075341587593,2.150967912319039,GREEN,IDE-food is GREEN. No current agro-energy regime alert under this specification.
2002-02-28,27.75,46.64,48.1,48.26,35.95,-0.3825007309879158,-0.01700721264723315,-0.008034397007723015,-1.464471309860564,-0.02833178760711066,0.012616438282103596,1.868181016835435,2.492146597211087,1.630445295223242,1.5483765568763685,0.9389220122534032,2.4645876342226374,2.5157703386668504,GREEN,IDE-food is GREEN. No current agro-energy regime alert under this specification.
2002-03-31,32.24,47.57,48.87,47.52,34.61,-0.1347325939701567,0.007808417852680716,-0.020589803723800593,-0.5569009238818974,0.2791167676181377,-0.06320723697742342,2.3336177739462225,2.6183969368432005,2.1155076925170926,2.2867115047759747,1.8213241445890693,2.8466483723308333,2.4210172477209966,GREEN,IDE-food is GREEN. No current agro-energy regime alert under this specification.
2002-04-30,34.72,47.58,48.53,47.11,33.47,-0.0957813716666589,0.02038287126720073,-0.03954241911680789,-0.41619625136793736,0.43194684731165356,-0.17309579996539848,2.4042117110429775,2.632568848055106,2.134334127214051,2.469069590273475,1.9871365554780738,3.0316923082166145,2.2841688782707057,GREEN,IDE-food is GREEN. No current agro-energy regime alert under this specification.
2002-05-31,34.53,48.25,49.53,48.03,33.82,-0.14404643369173664,0.02731262213072272,0.020009626838562777,-0.5863886992889572,0.5133773931625298,0.15494368070796063,2.503759323973228,2.897077741989314,2.231387739195307,2.4015455097964153,1.7873194134760246,3.1279893996071357,2.693293047912425,GREEN,IDE-food is GREEN. No current agro-energy regime alert under this specification.
2002-06-30,32.79,50.02,51.16,50.54,34.45,-0.15923510509509642,0.0658989022540224,0.03305110514001974,-0.6349007809294641,0.9855176593790186,0.22274858133397732,2.6888918487696056,3.1993452700362313,2.243312635812903,2.641080767326388,1.732000663291236,3.641008337915532,2.777290149824659,GREEN,IDE-food is GREEN. No current agro-energy regime alert under this specification.
2002-07-31,34.2,51.67,52.61,53.55,34.57,0.006747861896067242,0.05673727733427958,0.03443035395087879,-0.034132657290467355,0.8636297932802521,0.22543842229477495,2.903984935476757,3.135725135717864,2.6194750225487566,2.9696299029242677,2.457338320180716,3.5170923194939716,2.7806105894214443,GREEN,IDE-food is GREEN. No current agro-energy regime alert under this specification.
2002-08-31,35.23,52.44,53.27,56.74,36.45,0.006264257386571881,0.07460683505013588,0.07992840236393084,-0.0345823464266563,1.0743432085407827,0.47491069934887614,3.0845082735592193,3.397605512678923,2.77409893101397,3.0854671811182226,2.456776374614625,3.7271099809389483,3.0827269626685405,WATCH,IDE-food is in WATCH. Stress is elevated but below the RED threshold.
2002-09-30,37.74,54.22,55.11,60.62,34.86,0.11144387021264768,0.139715834991053,0.012121360532344916,0.3409403759700437,1.8514612019542813,0.09007644774075493,3.347909039116563,3.557851932504131,2.7683477255042224,3.6924198696594916,2.922094667006321,4.321492867857949,2.6125194902235642,WATCH,IDE-food is in WATCH. Stress is elevated but below the RED threshold.
2002-10-31,37.81,54.33,55.11,59.93,34.61,0.27881731084082295,0.19130714057553977,-0.0017321020496789963,0.9343787394778915,2.4272926341489254,0.01022568899091369,3.712305154031404,3.7753102778836234,3.079642573378699,4.1763284427217755,3.589813958983749,4.594424834718999,2.512781999859988,RED_STRUCTURAL,"IDE-food is in RED_STRUCTURAL regime. The agro-energy triad is elevated and remains structurally coherent under soft ablation. Historically, this state is associated with high domestic food-inflation regimes at 6–12 month horizons."
2002-11-30,34.16,53.6,54.71,58.32,34.55,0.2471411478729464,0.15095306134433928,-0.014368063266920306,0.8090786526022069,1.875907337505342,-0.0627058819985496,3.4754266742977324,3.4839291276507174,2.9611434824667136,3.9304039243797972,3.459565680064908,4.3357016357491185,2.4216433208717114,WATCH,IDE-food is in WATCH. Stress is elevated but below the RED threshold.
2002-12-31,39.7,54.66,55.79,56.12,35.54,0.4136851986555121,0.16577426000726136,-0.006450730544421468,1.3880501514845032,2.003214949614856,-0.022373704947063804,3.7314773208225973,3.5675709989829723,3.321859323780144,4.209193058063611,4.00140389244878,4.405671070189256,2.4720340354128796,RED_STRUCTURAL,"IDE-food is in RED_STRUCTURAL regime. The agro-energy triad is elevated and remains structurally coherent under soft ablation. Historically, this state is associated with high domestic food-inflation regimes at 6–12 month horizons."
2003-01-31,43.62,54.95,55.69,55.28,37.19,0.48711387325667177,0.16439404724201978,0.026980789105253145,1.6229003391298904,1.93706418743645,0.1601802433509291,3.84724046032487,3.6358193756671935,3.546039661524481,4.270981006783206,4.175973668586648,4.3701462955088966,2.699798289538559,RED_STRUCTURAL,"IDE-food is in RED_STRUCTURAL regime. The agro-energy triad is elevated and remains structurally coherent under soft ablation. Historically, this state is associated with high domestic food-inflation regimes at 6–12 month horizons."
2003-02-28,48.25,54.93,55.25,55.24,40.49,0.5531599875925512,0.16360110531229166,0.118925945877014,1.8208986692215483,1.881463252451812,0.67047514732791,4.039498132053383,3.868561354487479,3.882761757363819,4.319961029281323,4.30336962639818,4.338895541298548,3.3080477223645413,RED_STRUCTURAL,"IDE-food is in RED_STRUCTURAL regime. The agro-energy triad is elevated and remains structurally coherent under soft ablation. Historically, this state is associated with high domestic food-inflation regimes at 6–12 month horizons."
2003-03-31,43.41,54.26,54.87,54.05,41.9,0.2974819116730747,0.1315849967865952,0.19114316928083896,0.9041255037797479,1.485326990395935,1.0648499503108106,3.7835624861549104,3.8941974720190387,3.6399888567641616,3.8178678014191028,3.558982782750796,4.076879215925076,3.7180814283144787,RED_STRUCTURAL,"IDE-food is in RED_STRUCTURAL regime. The agro-energy triad is elevated and remains structurally coherent under soft ablation. Historically, this state is associated with high domestic food-inflation regimes at 6–12 month horizons."
2003-04-30,37.0,53.79,54.29,53.55,39.06,0.06360202285207484,0.12267507141033951,0.1544494102252978,0.0953237490619185,1.362863949815925,0.8422321347564605,3.3817015522366023,3.7348564042587786,3.0754723543775477,3.319075458309909,2.619064542152529,3.9811238517324923,3.4946756050889913,WATCH,IDE-food is in WATCH. Stress is elevated but below the RED threshold.
2003-05-31,38.56,53.37,54.21,54.59,40.48,0.11038695834044399,0.10085296256085874,0.17975568150877574,0.2540944918754443,1.1091060652575921,0.9695471159046047,3.40786095194763,3.688413492304542,3.2417802004783978,3.2836044081101408,2.8159201849025575,3.7598120840566223,3.6251460959026343,EARLY_AGROENERGY_WATCH,"IDE-food is in EARLY_AGROENERGY_WATCH. Energy and/or fertilizers are elevated, while agriculture has not fully joined the regime. This may correspond to an early latency configuration rather than a full RED regime."
2003-06-30,40.36,52.86,53.99,53.59,41.44,0.20771560462885175,0.055223983726670145,0.18473760049155974,0.5826485598529345,0.608948950775734,0.9814389196984937,3.3741528726930414,3.460036552433314,3.43060209705372,3.2223139832562886,3.2083830597567133,3.2385050313943395,3.6369681806979868,EARLY_AGROENERGY_WATCH,"IDE-food is in EARLY_AGROENERGY_WATCH. Energy and/or fertilizers are elevated, while agriculture has not fully joined the regime. This may correspond to an early latency configuration rather than a full RED regime."
2003-07-31,40.27,52.3,52.78,50.66,42.85,0.1633811307948032,0.012119028771783835,0.2147193911102554,0.42135417231146177,0.14136995530903348,1.133525070458104,3.2129447394145343,3.3137879688797844,3.425640157807085,2.8625884015785115,3.0190362297636586,2.6764187244483195,3.782444257641447,EARLY_AGROENERGY_WATCH,"IDE-food is in EARLY_AGROENERGY_WATCH. Energy and/or fertilizers are elevated, while agriculture has not fully joined the regime. This may correspond to an early latency configuration rather than a full RED regime."
2003-08-31,41.75,53.12,53.85,53.02,42.62,0.16980145894371867,0.012883846272679467,0.15638216821580375,0.43501132744842064,0.15719468652446733,0.7873841919781384,3.0828287846398745,3.1082146689874395,3.2410698941247715,2.8805055972962994,3.0353484504007,2.6960897401249095,3.436346950492821,WATCH,IDE-food is in WATCH. Stress is elevated but below the RED threshold.
2003-09-30,38.44,54.47,55.55,53.64,43.59,0.018378044161687423,0.004600247325063922,0.22348772615842627,-0.09181614616149517,0.07451677445051576,1.1516736591064807,2.9853904794292307,3.290146420560355,3.147332476962041,2.4811914725282236,2.385310377396098,2.5931028906291536,3.799082424153114,GREEN,IDE-food is GREEN. No current agro-energy regime alert under this specification.
2003-10-31,41.11,57.44,59.75,54.14,44.72,0.08367778300694528,0.05566436417653664,0.2562781711995905,0.1260932355627618,0.6426617353213854,1.3178484991826547,3.338918579703401,3.661402492418214,3.365204338848817,2.950658043429382,2.657408040550741,3.2767745070828127,3.944117650714655,EARLY_AGROENERGY_WATCH,"IDE-food is in EARLY_AGROENERGY_WATCH. Energy and/or fertilizers are elevated, while agriculture has not fully joined the regime. This may correspond to an early latency configuration rather than a full RED regime."
2003-11-30,40.23,58.93,62.15,56.29,45.08,0.16355761704132776,0.09480123077306546,0.26603113895789665,0.3937910248029822,1.0827774535940022,1.3501642116179011,3.5906630857749042,3.8662505401297955,3.5257851626225443,3.3539770338971837,2.985974886282304,3.735096153547444,3.9707823674612643,RED_STRUCTURAL,"IDE-food is in RED_STRUCTURAL regime. The agro-energy triad is elevated and remains structurally coherent under soft ablation. Historically, this state is associated with high domestic food-inflation regimes at 6–12 month horizons."
2003-12-31,43.77,58.83,61.85,57.74,45.91,0.09759746350965903,0.0735197483764427,0.2560241355346258,0.15694719653483447,0.8536644152533591,1.269874913681617,3.4018656272595047,3.73036607422026,3.355772198615634,3.086978663310855,2.6957822779119285,3.5066763589772485,3.9036066722260365,EARLY_AGROENERGY_WATCH,"IDE-food is in EARLY_AGROENERGY_WATCH. Energy and/or fertilizers are elevated, while agriculture has not fully joined the regime. This may correspond to an early latency configuration rather than a full RED regime."
2004-01-31,45.18,60.47,63.92,59.61,46.53,0.03513875026637425,0.09572369343549081,0.2240573579195786,-0.06774875499216486,1.1134230369435931,1.0695203829105886,3.323875324781428,3.741704422219607,3.1133373908899444,3.0856774840958905,2.415346433023316,3.763833602133209,3.7225284760973585,EARLY_AGROENERGY_WATCH,"IDE-food is in EARLY_AGROENERGY_WATCH. Energy and/or fertilizers are elevated, while agriculture has not fully joined the regime. This may correspond to an early latency configuration rather than a full RED regime."
2004-02-29,44.12,62.0,66.17,60.78,43.16,-0.08948263339969298,0.12107473769056298,0.06385911034586433,-0.5052510089893565,1.4030665916736798,0.16161808318770404,2.8730051449759153,3.379063266025404,2.2857562179540056,2.963949732896152,1.8815372901210585,4.013350297203896,2.7015840068992323,GREEN,IDE-food is GREEN. No current agro-energy regime alert under this specification.
2004-03-31,47.59,64.12,69.8,63.97,42.61,0.09193282582151685,0.16696902051056695,0.01680314058372856,0.1221401629486384,1.914807653362851,-0.10626613441236962,3.205334967672711,3.4781111570646948,2.5099212157519855,3.6050983677033384,2.6524856828965238,4.357791499647372,2.367292191967653,WATCH,IDE-food is in WATCH. Stress is elevated but below the RED threshold.
2004-04-30,47.78,63.66,69.11,65.65,42.3,0.2556892292534392,0.16846884556879527,0.07968816060369921,0.6846521200456681,1.9077224309799126,0.24708124077345398,3.5531270213259556,3.6685530344136437,3.0720249483956064,3.885760068393136,3.323881051099186,4.353815292728902,2.8072898243615114,RED_STRUCTURAL,"IDE-food is in RED_STRUCTURAL regime. The agro-energy triad is elevated and remains structurally coherent under soft ablation. Historically, this state is associated with high domestic food-inflation regimes at 6–12 month horizons."
2004-05-31,53.59,62.38,66.53,63.6,43.38,0.3291470137644139,0.15599592083380331,0.06919048041951825,0.9292475995831404,1.742546400897014,0.19152731105581963,3.5701470095595846,3.5623209841806265,3.182710926128349,3.933054348829947,3.5846130741599507,4.255051084774861,2.7386799654900056,RED_STRUCTURAL,"IDE-food is in RED_STRUCTURAL regime. The agro-energy triad is elevated and remains structurally coherent under soft ablation. Historically, this state is associated with high domestic food-inflation regimes at 6–12 month horizons."
2004-06-30,50.8,61.13,64.2,61.39,46.58,0.23005715909902769,0.14535583486449122,0.11692466650496725,0.5689067288443163,1.6051768948043272,0.46188050456980756,3.4947770966909912,3.6450008400919907,3.1303500525494368,3.701170134912309,3.1925543514211583,4.163703422317307,3.0673009458700884,WATCH,IDE-food is in WATCH. Stress is elevated but below the RED threshold.
2004-07-31,53.95,59.83,62.56,56.73,51.2,0.29245091684078073,0.13451083633106276,0.17803388700167355,0.7779315187084505,1.4798111041501434,0.8052637828063061,3.6533865624183908,3.7667813243738935,3.4408713709719523,3.7530571786027314,3.426170688658883,4.072720237047945,3.455496639419133,RED_STRUCTURAL,"IDE-food is in RED_STRUCTURAL regime. The agro-energy triad is elevated and remains structurally coherent under soft ablation. Historically, this state is associated with high domestic food-inflation regimes at 6–12 month horizons."
2004-08-31,58.14,59.0,61.13,55.64,53.82,0.3311544438338654,0.1049839387375413,0.23332151862828843,0.9029373651841143,1.1572359453392176,1.1128841084679908,3.7064731388627434,3.7822868555919023,3.6630553903416088,3.6751609435514516,3.5577637892044343,3.804150544865452,3.7633320366624736,RED_STRUCTURAL,"IDE-food is in RED_STRUCTURAL regime. The agro-energy triad is elevated and remains structurally coherent under soft ablation. Historically, this state is associated with high domestic food-inflation regimes at 6–12 month horizons."
2004-09-30,58.05,58.77,60.82,55.09,58.02,0.4122061240418091,0.075981429228976,0.28596001244295666,1.1709429190695742,0.848700754427037,1.3928341300384883,3.799318315001507,3.7899541307790336,3.9138553680192536,3.677019895407779,3.816577052446634,3.5014726253128456,4.005221552201589,RED_STRUCTURAL,"IDE-food is in RED_STRUCTURAL regime. The agro-energy triad is elevated and remains structurally coherent under soft ablation. Historically, this state is associated with high domestic food-inflation regimes at 6–12 month horizons."
2004-10-31,66.84,57.95,59.69,54.69,61.61,0.48605030281740635,0.008839645045792821,0.3204033661796357,1.4067329031021214,0.13035642975319692,1.5624232721605196,3.7308716725716735,3.5562567991770226,4.076315390871704,3.4686715647236928,4.0162506261549975,2.6627151868861123,4.133504009053007,RED_STRUCTURAL,"IDE-food is in RED_STRUCTURAL regime. The agro-energy triad is elevated and remains structurally coherent under soft ablation. Historically, this state is associated with high domestic food-inflation regimes at 6–12 month horizons."
2004-11-30,59.11,58.28,59.44,56.53,59.6,0.384787128874581,-0.011091317522818223,0.2792168848997285,1.0345936945553282,-0.07793354460380657,1.3112099721001076,3.447359151218269,3.3075905952007174,3.818345675772715,3.137047626243916,3.689027547957307,2.4026323455760967,3.9385777877805612,EARLY_AGROENERGY_WATCH,"IDE-food is in EARLY_AGROENERGY_WATCH. Energy and/or fertilizers are elevated, while agriculture has not fully joined the regime. This may correspond to an early latency configuration rather than a full RED regime."
2004-12-31,56.14,58.62,59.77,57.68,54.26,0.2488999197309325,-0.0035759935936185983,0.16710434896965465,0.5575378275777808,0.014504116578191988,0.685326906057348,3.0405253265954064,2.964197668661926,3.252721239540548,2.8806504381147686,3.179413249572725,2.518129827893773,3.324632843746465,WATCH,IDE-food is in WATCH. Stress is elevated but below the RED threshold.
2005-01-31,60.77,59.03,60.03,58.34,54.16,0.2964417351074067,-0.024101585032523687,0.15184536274746208,0.7141594189361832,-0.20484553865333496,0.5961561196422079,2.9900217697120683,2.7818751606975276,3.290859055665914,2.8599846853574165,3.3565979353373416,2.244834717265459,3.223881977059607,GREEN,IDE-food is GREEN. No current agro-energy regime alert under this specification.
2005-02-28,61.98,61.0,62.14,57.71,54.33,0.33989855797430035,-0.016260520871780315,0.23016242017349775,0.8542620246022958,-0.10831636245160162,1.036399322177173,3.261581674711085,3.121768477320919,3.6008758495527933,3.0054334917014836,3.507302172207902,2.364736768332089,3.690773278019733,EARLY_AGROENERGY_WATCH,"IDE-food is in EARLY_AGROENERGY_WATCH. Energy and/or fertilizers are elevated, while agriculture has not fully joined the regime. This may correspond to an early latency configuration rather than a full RED regime."
2005-03-31,71.12,63.98,65.28,59.28,58.82,0.4017459360726301,-0.0021857932199802477,0.3223929656140285,1.05473258142385,0.058899892550238135,1.5621150669704584,3.5889915990912806,3.521983613461068,3.9362464255369316,3.2226923655518527,3.70841324326126,2.5736035881370043,4.133283209295246,RED_STRUCTURAL,"IDE-food is in RED_STRUCTURAL regime. The agro-energy triad is elevated and remains structurally coherent under soft ablation. Historically, this state is associated with high domestic food-inflation regimes at 6–12 month horizons."
2005-04-30,70.25,62.48,63.29,57.61,62.4,0.385453166316192,-0.01870991632251595,0.3887781893231499,0.9875214892845694,-0.11736660869028329,1.935418612076847,3.6432846464484028,3.6434430374106004,4.058787061207388,3.0858732136973126,3.642990461012575,2.3534599153694566,4.369239831166962,RED_STRUCTURAL,"IDE-food is in RED_STRUCTURAL regime. The agro-energy triad is elevated and remains structurally coherent under soft ablation. Historically, this state is associated with high domestic food-inflation regimes at 6–12 month horizons."
2005-05-31,65.99,62.28,62.73,57.38,64.36,0.2081407318885713,-0.001604364213859455,0.39449381672545414,0.3818233792220579,0.08566164114218464,1.9641195756911405,3.499454642851599,3.748618274307632,3.8184085209885867,2.8048914566444605,2.9715640222365853,2.607011622564248,4.384890469483252,EARLY_AGROENERGY_WATCH,"IDE-food is in EARLY_AGROENERGY_WATCH. Energy and/or fertilizers are elevated, while agriculture has not fully joined the regime. This may correspond to an early latency configuration rather than a full RED regime."
2005-06-30,72.91,62.15,62.36,57.15,58.84,0.361329449233903,0.016548073916085926,0.2336506312770421,0.892975876202444,0.2974938739407712,1.0561547972846235,3.419165775247228,3.347587506649089,3.630142652038236,3.248974769912772,3.5475195348956103,2.869148797348039,3.7097751830084724,EARLY_AGROENERGY_WATCH,"IDE-food is in EARLY_AGROENERGY_WATCH. Energy and/or fertilizers are elevated, while agriculture has not fully joined the regime. This may correspond to an early latency configuration rather than a full RED regime."
2005-07-31,77.25,61.95,61.94,59.23,59.46,0.35898922407371137,0.03482040067321179,0.14956428552448964,0.87325651314074,0.5074534487423455,0.5826962641894593,3.2983449843627777,3.1683210567431876,3.371805240082761,3.3458398600331263,3.527114292722179,3.1210465696831844,3.2084379021369065,EARLY_AGROENERGY_WATCH,"IDE-food is in EARLY_AGROENERGY_WATCH. Energy and/or fertilizers are elevated, while agriculture has not fully joined the regime. This may correspond to an early latency configuration rather than a full RED regime."
2005-08-31,86.78,61.15,61.02,58.97,57.55,0.4005222852394743,0.035792418227461376,0.06700898986913195,0.9983441051106823,0.5166650142023969,0.1253186615243152,3.1686839384134218,2.879469832783805,3.1843809052919823,3.4241200221754435,3.6536644269796037,3.1318380249999294,2.6564436379034055,WATCH,IDE-food is in WATCH. Stress is elevated but below the RED threshold.
2005-09-30,89.69,61.82,61.98,59.12,57.8,0.4350545719860106,0.050595416079411315,-0.0037990030149259724,1.0983346040571647,0.6805384578681251,-0.2604798198165158,3.109253231050539,2.716749828764969,3.016132778760923,3.5603979627239877,3.749739652605296,3.3192943251194635,2.176228807592007,WATCH,IDE-food is in WATCH. Stress is elevated but below the RED threshold.
2005-10-31,86.04,62.67,63.13,61.35,58.53,0.2525106006723359,0.07830229445082271,-0.05128475172335012,0.47811370304653106,0.9855743529086419,-0.5161822446806217,2.8506092534622014,2.7205950280141082,2.4762078798049894,3.3545749275692547,3.08651177195335,3.6410644422401415,1.868726925175782,GREEN,IDE-food is GREEN. No current agro-energy regime alert under this specification.
2005-11-30,78.71,62.05,62.02,58.62,62.23,0.2863700973180805,0.06268153032361212,0.043181624509822214,0.5836059296497684,0.8009056966971162,0.0012055336771507811,3.0471962214899917,2.9576548181341322,2.862924967986972,3.32304081766771,3.2094835397642396,3.4508409254571513,2.501506916913937,WATCH,IDE-food is in WATCH. Stress is elevated but below the RED threshold.
2005-12-31,83.15,63.43,63.66,60.75,59.21,0.39279763470520024,0.07886100036305965,0.0873031393128989,0.9278757899193935,0.9786046275076298,0.24073768050245986,3.3438155503348166,3.2068228109358605,3.2102889141310755,3.6068717622503472,3.583220653351965,3.6341562810730648,2.799477155075491,EARLY_AGROENERGY_WATCH,"IDE-food is in EARLY_AGROENERGY_WATCH. Energy and/or fertilizers are elevated, while agriculture has not fully joined the regime. This may correspond to an early latency configuration rather than a full RED regime."
2006-01-31,85.43,65.57,64.75,61.85,57.55,0.3406010810162634,0.1050724850229301,0.06071150656387214,0.7459381456537566,1.263068800718323,0.09465545247058241,3.3110165294168414,3.2668924596414417,3.0177713454586486,3.640113708409253,3.391464990271944,3.897769661781833,2.61823105298347,WATCH,IDE-food is in WATCH. Stress is elevated but below the RED threshold.
2006-02-28,80.26,67.55,67.44,64.84,59.21,0.25845961247916893,0.1019942002328964,0.08601388598025261,0.4685647034161386,1.21262155777586,0.220875760592758,3.234100483200442,3.3171359261974094,2.926683330598376,3.4626516208003095,3.075219923638311,3.8538123738401877,2.7749776845672107,WATCH,IDE-food is in WATCH. Stress is elevated but below the RED threshold.
2006-03-31,82.07,66.4,66.2,63.92,63.37,0.14320395043597145,0.0371265219610164,0.07450863020957676,0.08745920587659155,0.47990189346645984,0.1432585476038619,2.779726039197629,2.8705408076222283,2.644038896162358,2.833729422563587,2.609254374637082,3.0886235403619136,2.6787675516553153,GREEN,IDE-food is GREEN. No current agro-energy regime alert under this specification.
2006-04-30,91.3,66.56,65.83,65.09,63.99,0.26209047938706753,0.06325729098152255,0.025161545775986838,0.4796715953618509,0.767618783080241,-0.150854799124537,2.927473674356136,2.8392150749127065,2.7050488310241128,3.242634492377398,3.0883516189903255,3.415027818703671,2.3117882962735536,GREEN,IDE-food is GREEN. No current agro-energy regime alert under this specification.
2006-05-31,89.86,68.97,68.17,67.67,61.41,0.30874968824668336,0.1020312804774024,-0.046919633782875,0.6289054207549566,1.1979385100713107,-0.5650138515751005,2.9714678483220487,2.8092289229199006,2.53992883507017,3.5460353163374445,3.2612061413188647,3.8407892645634427,1.8119407339289177,GREEN,IDE-food is GREEN. No current agro-energy regime alert under this specification.
2006-06-30,88.45,67.69,65.78,67.88,58.62,0.19321161678745558,0.08538764056379566,-0.003745960450491026,0.24236864201295424,1.0096996408877723,-0.3145683087695766,2.8448377298547487,2.868095224126299,2.4548801081833043,3.224300285905991,2.8014864051727533,3.664806821815532,2.1100002998542244,GREEN,IDE-food is GREEN. No current agro-energy regime alert under this specification.
2006-07-31,94.03,68.36,66.92,70.01,58.37,0.19656696451113032,0.0984602501722387,-0.01850175835425194,0.2502656060977461,1.1498276324885883,-0.38592561014032667,2.869116289841491,2.9001342059766206,2.415244990823427,3.3024158001577897,2.811209372595209,3.7973971595545915,2.023492553397056,GREEN,IDE-food is GREEN. No current agro-energy regime alert under this specification.
2006-08-31,94.71,68.32,66.57,69.06,60.3,0.08744341086780594,0.11087268734713351,0.04667796856524831,-0.10714037019782408,1.2743327709856538,0.005330887545376569,2.929044920631438,3.2180003956745105,2.4363828103121694,3.147955019079777,2.3662025018865855,3.9074177229785794,2.5066635936510266,GREEN,IDE-food is GREEN. No current agro-energy regime alert under this specification.
2006-09-30,80.29,67.63,66.42,70.68,60.96,-0.11071419993331855,0.08982473488287823,0.05322913570005916,-0.7537510011457578,1.030296209835137,0.06042225209521234,2.582999236330784,3.1217536783499513,2.070957672965023,2.5870340678779025,1.6000226318236548,3.6848665912912635,2.5755048451204625,GREEN,IDE-food is GREEN. No current agro-energy regime alert under this specification.
2006-10-31,76.99,69.24,69.33,76.98,60.11,-0.11113676110957105,0.09969586607142489,0.026636773747941156,-0.7443485971738145,1.1266734852360838,-0.08211325339920936,2.5609134388508905,3.0837642774279046,1.9906882974813218,2.6488238964263906,1.6102697906488357,3.776122401214308,2.397416066860539,GREEN,IDE-food is GREEN. No current agro-energy regime alert under this specification.
2006-11-30,79.15,71.57,72.58,81.6,62.71,0.005574574172662494,0.14273548009989057,0.007683725973802957,-0.3499161827018477,1.5749474154375267,-0.18252421407299577,2.855242254963419,3.260878501221509,2.1691763254838436,3.1572965748838824,2.067013733533414,4.142438790542869,2.2724760470104783,GREEN,IDE-food is GREEN. No current agro-energy regime alert under this specification.
2006-12-31,82.23,72.68,72.89,80.68,66.39,-0.011126006656132503,0.1361293078821646,0.11445599618738367,-0.39768931909377314,1.4728164970795294,0.4871250954935477,3.080642247352077,3.597577484529787,2.5558880473316683,3.071733985883583,2.009338160923209,4.067425511501711,3.0971447242185715,WATCH,IDE-food is in WATCH. Stress is elevated but below the RED threshold.
2007-01-31,73.61,73.43,73.53,81.24,68.41,-0.14891644109291224,0.11321429718799081,0.172864877605015,-0.8420184722670795,1.2015582620751615,0.867274205193769,2.9564575550202843,3.6763809629071282,2.515784623324441,2.626355729078389,1.505549203917461,3.8440093682990226,3.5208910021585753,GREEN,IDE-food is GREEN. No current agro-energy regime alert under this specification.
2007-02-28,79.14,75.37,75.94,84.54,73.75,-0.01405292888149301,0.1095412534491711,0.21959054867624506,-0.38918147543607884,1.1446419035944213,1.177482816611638,3.2502944100629776,3.8087750421223525,2.9864074407649923,2.895082101619647,2.019571796737219,3.79265439187234,3.8224745284147725,EARLY_AGROENERGY_WATCH,"IDE-food is in EARLY_AGROENERGY_WATCH. Energy and/or fertilizers are elevated, while agriculture has not fully joined the regime. This may correspond to an early latency configuration rather than a full RED regime."
2007-03-31,82.71,75.26,75.64,83.31,78.68,0.007767972062194595,0.1252517286829029,0.21639843018543292,-0.3173274846552951,1.29329545440324,1.1636944814014134,3.3233962813691975,3.8634035482003837,3.021223907717597,3.0246346619661946,2.1066359901846092,3.9235222834941794,3.81001686546927,EARLY_AGROENERGY_WATCH,"IDE-food is in EARLY_AGROENERGY_WATCH. Energy and/or fertilizers are elevated, while agriculture has not fully joined the regime. This may correspond to an early latency configuration rather than a full RED regime."
2007-04-30,88.76,75.69,75.45,79.19,77.38,-0.02821468953652939,0.12854225480812254,0.19000152812099813,-0.43794116094531377,1.3097604429218932,0.997641196972197,3.215475375432624,3.7899546669554103,2.847547267367909,2.955712413007651,1.961158292911559,3.9373653327444007,3.6529727855997076,EARLY_AGROENERGY_WATCH,"IDE-food is in EARLY_AGROENERGY_WATCH. Energy and/or fertilizers are elevated, while agriculture has not fully joined the regime. This may correspond to an early latency configuration rather than a full RED regime."
2007-05-31,88.87,77.25,77.93,80.71,79.84,-0.011078275891629907,0.11337528833465527,0.26245194366190105,-0.3864653305993476,1.1303796629158063,1.4374501122491097,3.348643837717077,3.925573386223522,3.1421558574887136,2.888839385352354,2.0228424459930534,3.779544788676088,4.040297380567415,EARLY_AGROENERGY_WATCH,"IDE-food is in EARLY_AGROENERGY_WATCH. Energy and/or fertilizers are elevated, while agriculture has not fully joined the regime. This may correspond to an early latency configuration rather than a full RED regime."
2007-06-30,92.82,79.8,81.53,85.78,80.62,0.04822471320723487,0.16458504593524736,0.31867082240627376,-0.19168524320889987,1.64108171399434,1.7683926380154438,3.698271067442381,4.233943869471032,3.4373886411392545,3.28978958997857,2.261124420213553,4.188410363431376,4.271288330025748,RED_STRUCTURAL,"IDE-food is in RED_STRUCTURAL regime. The agro-energy triad is elevated and remains structurally coherent under soft ablation. Historically, this state is associated with high domestic food-inflation regimes at 6–12 month horizons."
2007-07-31,97.99,81.36,83.37,83.67,77.42,0.04125155235874178,0.17409589349291377,0.2824430859338021,-0.21749578877950232,1.7042663385868029,1.5101042140921959,3.619302828796731,4.159894492418284,3.280885714169314,3.3069238741560034,2.229196938440813,4.230455611010237,4.095383254285929,RED_STRUCTURAL,"IDE-food is in RED_STRUCTURAL regime. The agro-energy triad is elevated and remains structurally coherent under soft ablation. Historically, this state is associated with high domestic food-inflation regimes at 6–12 month horizons."
2007-08-31,91.38,81.74,84.7,86.5,77.43,-0.035792955102884605,0.17934092865581697,0.2500421986654926,-0.4741066936669666,1.7210142390379384,1.2849291061360006,3.449970926522727,4.077535514663623,2.9999353174029872,3.157929108963814,1.9182235300902821,4.241297153062223,3.9164382556576727,EARLY_AGROENERGY_WATCH,"IDE-food is in EARLY_AGROENERGY_WATCH. Energy and/or fertilizers are elevated, while agriculture has not fully joined the regime. This may correspond to an early latency configuration rather than a full RED regime."
2007-09-30,98.07,85.15,89.44,96.31,87.13,0.20003642920763642,0.23036273552184827,0.3571833448648043,0.30074516720406463,2.196128943801895,1.962238820536193,4.050671517367683,4.439858377160124,3.780570680833175,3.820722591408667,2.87312334507747,4.4995067487898694,4.383875199936719,RED_STRUCTURAL,"IDE-food is in RED_STRUCTURAL regime. The agro-energy triad is elevated and remains structurally coherent under soft ablation. Historically, this state is associated with high domestic food-inflation regimes at 6–12 month horizons."
2007-10-31,105.72,87.54,92.78,98.87,92.91,0.3171185464461299,0.23451710145474092,0.4354550656021505,0.678497153347902,2.1750072261961173,2.458652460223816,4.260082134880045,4.555742427330092,4.137901703913211,3.986249593592407,3.3170159755367106,4.489912964017789,4.605959452323147,RED_STRUCTURAL,"IDE-food is in RED_STRUCTURAL regime. The agro-energy triad is elevated and remains structurally coherent under soft ablation. Historically, this state is associated with high domestic food-inflation regimes at 6–12 month horizons."
2007-11-30,117.1,89.99,96.24,99.49,100.18,0.39168348427665034,0.22902256129535115,0.4684476433745415,0.9126337713037785,2.0607003775699,2.637034111871426,4.326830768463042,4.572958295497971,4.275288947239558,4.044215707332866,3.567694056677481,4.435121876426395,4.66603666902489,RED_STRUCTURAL,"IDE-food is in RED_STRUCTURAL regime. The agro-energy triad is elevated and remains structurally coherent under soft ablation. Historically, this state is associated with high domestic food-inflation regimes at 6–12 month horizons."
2007-12-31,116.28,92.45,99.85,108.18,106.56,0.3464808767078713,0.2406017143051633,0.47316176406101107,0.7486410557811349,2.1167501215717692,2.616081814592802,4.298426141834063,4.578621215843043,4.216084854567145,3.995016036931539,3.394412599805308,4.462602869658205,4.659447168507531,RED_STRUCTURAL,"IDE-food is in RED_STRUCTURAL regime. The agro-energy triad is elevated and remains structurally coherent under soft ablation. Historically, this state is associated with high domestic food-inflation regimes at 6–12 month horizons."
2008-01-31,118.6,97.5,106.22,115.28,109.92,0.47697560049301035,0.28351980654028264,0.4742338157011323,1.1685645805586016,2.4614693222138264,2.5752897772694654,4.429126399160951,4.628609345718584,4.333405553408066,4.2693546947151,3.814427294596087,4.606980724132854,4.6462712035111915,RED_STRUCTURAL,"IDE-food is in RED_STRUCTURAL regime. The agro-energy triad is elevated and remains structurally coherent under soft ablation. Historically, this state is associated with high domestic food-inflation regimes at 6–12 month horizons."
2008-02-29,124.4,105.54,116.07,130.13,114.34,0.4522837443478007,0.33668071012214273,0.4384954706158961,1.070235197611446,2.873769360304501,2.3035812898068806,4.426174995711328,4.643452183331566,4.219085654944772,4.350947653089576,3.723208206682333,4.73267212710695,4.545866029301973,RED_STRUCTURAL,"IDE-food is in RED_STRUCTURAL regime. The agro-energy triad is elevated and remains structurally coherent under soft ablation. Historically, this state is associated with high domestic food-inflation regimes at 6–12 month horizons."
2008-03-31,133.99,111.54,123.94,143.19,128.77,0.4824246565967014,0.3934344857961163,0.4926388737648342,1.1550108780386221,3.270235992003771,2.6328694456740913,4.54720514735743,4.74583490664915,4.346020664546871,4.469526914108945,3.802124918713353,4.816967476201454,4.6647363774684525,RED_STRUCTURAL,"IDE-food is in RED_STRUCTURAL regime. The agro-energy triad is elevated and remains structurally coherent under soft ablation. Historically, this state is associated with high domestic food-inflation regimes at 6–12 month horizons."
2008-04-30,143.13,113.58,127.58,156.64,174.07,0.4778172101317315,0.40586138312821074,0.8107291678922506,1.1214371480381309,3.2356622792167995,4.0,4.703273078552392,4.872993908665586,4.64145153036965,4.453169926623294,3.7712759766872,4.810772376376089,4.910068950189542,RED_STRUCTURAL,"IDE-food is in RED_STRUCTURAL regime. The agro-energy triad is elevated and remains structurally coherent under soft ablation. Historically, this state is associated with high domestic food-inflation regimes at 6–12 month horizons."
2008-05-31,159.76,113.67,127.28,151.89,213.04,0.586498061357176,0.3862525979207643,0.9814553095024685,1.4691834108838413,2.9294241887918755,4.0,4.7114931842156285,4.85427419811259,4.695186129516104,4.475130293753361,4.064666183895334,4.746409796969251,4.910068950189542,RED_STRUCTURAL,"IDE-food is in RED_STRUCTURAL regime. The agro-energy triad is elevated and remains structurally coherent under soft ablation. Historically, this state is associated with high domestic food-inflation regimes at 6–12 month horizons."
2008-06-30,172.74,117.13,131.17,154.84,214.57,0.6211254400391102,0.38376092462601985,0.9788892677679701,1.5602149418780038,2.8069463537580175,4.0,4.7101630104161565,4.846060222165579,4.707956776626997,4.471591232517084,4.131920967887537,4.7152501987560775,4.910068950189542,RED_STRUCTURAL,"IDE-food is in RED_STRUCTURAL regime. The agro-energy triad is elevated and remains structurally coherent under soft ablation. Historically, this state is associated with high domestic food-inflation regimes at 6–12 month horizons."
2008-07-31,173.48,115.39,128.05,146.36,239.64,0.5711968863194379,0.34943394346627166,1.1298926520662222,1.3662423654380875,2.441587013960628,4.0,4.657722777367294,4.81880936852941,4.6801164305234595,4.327972544159237,3.983861863637296,4.599720222827722,4.910068950189542,RED_STRUCTURAL,"IDE-food is in RED_STRUCTURAL regime. The agro-energy triad is elevated and remains structurally coherent under soft ablation. Historically, this state is associated with high domestic food-inflation regimes at 6–12 month horizons."
2008-08-31,147.61,106.67,116.1,136.63,256.06,0.4795470244137796,0.2661964785012598,1.1960374896194006,1.0370433219483965,1.7145776802728376,4.0,4.534913748058271,4.750178235641892,4.6271504996853805,3.9704449822445342,3.6913955515373296,4.237145440767117,4.910068950189542,RED_STRUCTURAL,"IDE-food is in RED_STRUCTURAL regime. The agro-energy triad is elevated and remains structurally coherent under soft ablation. Historically, this state is associated with high domestic food-inflation regimes at 6–12 month horizons."
2008-09-30,130.98,101.67,108.7,131.42,245.37,0.28936313038567807,0.17731786717837306,1.0353660191717973,0.37418107172792237,0.9804108901691102,3.74652684861711,4.251127665784956,4.610007748105819,4.4349482770219275,3.2895333068785866,2.962344425554969,3.6359486916172576,4.88472265287347,RED_STRUCTURAL,"IDE-food is in RED_STRUCTURAL regime. The agro-energy triad is elevated and remains structurally coherent under soft ablation. Historically, this state is associated with high domestic food-inflation regimes at 6–12 month horizons."
2008-10-31,100.5,87.37,91.16,108.01,242.16,-0.050636362236957666,-0.0019438574527468333,0.9579673820602421,-0.8146471913115144,-0.4692229838717658,3.2085295396148643,3.3377134991959148,4.09612477094745,3.839900942480094,1.709070227961021,1.5345054624454835,1.9240008469312049,4.805770000962039,EARLY_AGROENERGY_WATCH,"IDE-food is in EARLY_AGROENERGY_WATCH. Energy and/or fertilizers are elevated, while agriculture has not fully joined the regime. This may correspond to an early latency configuration rather than a full RED regime."
2008-11-30,78.81,82.74,85.32,98.74,180.65,-0.39598837823811284,-0.08399539201259199,0.5895928896641784,-2.054374608789594,-1.1431836088244114,1.646618184270796,1.9045708698243682,2.9440127151362607,2.2460313378434527,0.8165352976104322,0.5680554857910313,1.20868163095563,4.19216732190572,GREEN,IDE-food is GREEN. No current agro-energy regime alert under this specification.
2008-12-31,64.38,80.25,82.23,95.17,162.44,-0.5911980498200133,-0.14152119582300848,0.42160049602601823,-2.759032638251771,-1.6125222265042458,0.9756794445743482,1.2412847429899259,2.227493067152967,1.4538197895749303,0.4854984409121196,0.2978927157197174,0.8311936500770225,3.631250415056499,GREEN,IDE-food is GREEN. No current agro-energy regime alert under this specification.
2009-01-31,66.27,85.24,88.64,103.63,164.15,-0.5820191804634902,-0.1343815707733853,0.4010278154735625,-2.697341930509036,-1.548690253799134,0.8814137954258513,1.2485290449387274,2.2012189736189622,1.4370831630121979,0.5136765613197493,0.3156519248851499,0.8763775835683786,3.53557554275404,GREEN,IDE-food is GREEN. No current agro-energy regime alert under this specification.
2009-02-28,61.8,84.52,87.7,100.39,165.59,-0.6995988158414335,-0.2221018352296653,0.37033838781856776,-3.041390917737472,-2.2431930469877184,0.749890039345946,0.930931850891321,1.7358151666951673,1.2063306923000279,0.32292989201941125,0.22795305378051808,0.47969119069694593,3.3957736941365333,GREEN,IDE-food is GREEN. No current agro-energy regime alert under this specification.
2009-03-31,64.05,83.72,87.29,101.26,168.55,-0.738101141957773,-0.28690537338360844,0.2692045743943767,-3.0794023895734246,-2.733535838298349,0.3525257420735251,0.7249381066845172,1.2752947698325288,1.0184102641507775,0.2559239421547127,0.21982463660259957,0.3051162331321883,2.936149652493625,GREEN,IDE-food is GREEN. No current agro-energy regime alert under this specification.
2009-04-30,66.52,86.57,90.58,99.94,142.71,-0.7662506538713982,-0.27155409922160434,-0.19864291805231726,-3.0481466092274343,-2.5535948816918217,-1.4380923480157901,0.44081973204595026,0.6211658529209697,0.47972309607274816,0.2812933461443586,0.22648778565244473,0.36092674458152746,0.959204666188901,GREEN,IDE-food is GREEN. No current agro-energy regime alert under this specification.
2009-05-31,74.24,91.54,96.59,104.99,132.29,-0.7663696006296146,-0.21652347847312292,-0.476483459031388,-2.9174121830327255,-2.089398152459664,-2.485264561017973,0.3731136690501641,0.45455706838015425,0.31447213981243227,0.3671177388034808,0.2564974914496489,0.550657715698734,0.38448833477940303,GREEN,IDE-food is GREEN. No current agro-energy regime alert under this specification.
2009-06-30,85.8,91.48,96.93,107.38,119.84,-0.6997685673582232,-0.24716405992720247,-0.5824785056880808,-2.600860845711227,-2.304723496715089,-2.81608497209477,0.3497856404830519,0.35216008946501126,0.3123761827239376,0.3920380407165339,0.3454151916121352,0.453662589312475,0.28230569068456124,GREEN,IDE-food is GREEN. No current agro-energy regime alert under this specification.
2009-07-31,80.81,88.11,92.17,97.3,99.31,-0.7639615987218091,-0.26973166132793747,-0.8808915263004566,-2.697331459797588,-2.4343528610037617,-3.799493887810026,0.23618364321811433,0.20166259216387886,0.18691983791331365,0.3535096318863949,0.31565502134728807,0.40295175110822434,0.10946052807090831,GREEN,IDE-food is GREEN. No current agro-energy regime alert under this specification.
2009-08-31,88.64,91.28,95.6,92.51,95.28,-0.5099904375499316,-0.15580825108357121,-0.9885918669709888,-1.8721140482932186,-1.5436465067420868,-3.946707744433656,0.3794025274915838,0.27662853026908146,0.25845152384325193,0.7590250741601753,0.6664864949116727,0.8800290255735016,0.09476038828785928,GREEN,IDE-food is GREEN. No current agro-energy regime alert under this specification.
2009-09-30,83.2,90.17,92.48,89.08,86.17,-0.45379729196274443,-0.12003549677525438,-1.046445186163317,-1.670276542379525,-1.2685279958632951,-3.883472492966411,0.4456230663059841,0.3218492111395553,0.29293350847256855,0.923476749888784,0.7919365602492313,1.0975466952626713,0.10082137132524024,GREEN,IDE-food is GREEN. No current agro-energy regime alert under this specification.
2009-10-31,90.89,91.81,93.55,92.72,87.76,-0.10050774336845159,0.04956924984560551,-1.0149928487464877,-0.6481901948362909,-0.013727390227030841,-3.5452669184248027,0.9333244729058902,0.6419186512120838,0.5470759751314775,2.0604147432033026,1.7169874429772105,2.4828410316701413,0.14025665406578894,GREEN,IDE-food is GREEN. No current agro-energy regime alert under this specification.
2009-11-30,95.01,94.37,96.77,98.7,87.97,0.18694225685309984,0.13152006499997615,-0.7195656103290657,0.16876253695301813,0.5840519419597192,-2.4953235192514063,1.7272718206315738,1.2731461300451072,1.190358569669875,2.945728135686192,2.710453916910006,3.209996121136938,0.3809333482983684,GREEN,IDE-food is GREEN. No current agro-energy regime alert under this specification.
2009-12-31,95.04,95.28,97.55,99.47,90.82,0.3894948297436729,0.17167316303691926,-0.5814291771482925,0.7529498654954421,0.8706692050248843,-2.026930782300027,2.2697883314452203,1.6706359560729098,1.7296358343191462,3.4576499233424323,3.399105600398689,3.524424632809409,0.5820211639661721,GREEN,IDE-food is GREEN. No current agro-energy regime alert under this specification.
2010-01-31,98.5,96.23,98.46,98.04,92.95,0.39631924207790803,0.12127035213789306,-0.5687189297801485,0.7909514537931642,0.4800077803234479,-1.9448000279575777,2.177009464532781,1.5228197656526525,1.7982031090514272,3.2821655644173164,3.440177948214942,3.0887485598882543,0.6256073502500732,GREEN,IDE-food is GREEN. No current agro-energy regime alert under this specification.
2010-02-28,95.6,93.72,95.37,93.71,96.69,0.43626945559371055,0.10332342089173885,-0.5380048691589367,0.9203564288161958,0.3342942380695245,-1.8162775398756013,2.2344009349845946,1.5248877815889577,1.9492288575830288,3.2849015378558817,3.575573624811207,2.9140193139790895,0.6994056922514902,GREEN,IDE-food is GREEN. No current agro-energy regime alert under this specification.
2010-03-31,99.58,92.12,92.6,90.98,95.0,0.4412973128712929,0.09561417737468503,-0.5733555500795289,0.9587973320441857,0.2678301368499324,-1.873551490178608,2.201659813499881,1.4604846188069245,1.9380411887810636,3.273642289740007,3.6144047317986825,2.8328006468591345,0.6656566004578942,GREEN,IDE-food is GREEN. No current agro-energy regime alert under this specification.
2010-04-30,104.85,93.39,91.71,88.62,92.46,0.45502810302320196,0.07583093789394457,-0.4340384805522213,1.013744492423295,0.11186060480979315,-1.4623575910299087,2.345875203998133,1.6196213452863253,2.2207865151599746,3.2254096872849605,3.668761563679449,2.6396801373019088,0.9405350131246769,GREEN,IDE-food is GREEN. No current agro-energy regime alert under this specification.
2010-05-31,95.68,92.56,90.39,87.63,88.18,0.25370620172437697,0.011081047659924792,-0.4056163025444972,0.4166652604325966,-0.38038297596736614,-1.3640949125021586,1.9518999018320415,1.4349234548380079,1.9186868591441242,2.560983954117513,3.013425006238247,2.0301726562054663,1.0178778884717659,GREEN,IDE-food is GREEN. No current agro-energy regime alert under this specification.
2010-06-30,95.1,92.45,89.11,81.96,85.4,0.10290996305742794,0.010547588678552877,-0.3388114189743847,-0.020742950649447627,-0.38560836694812434,-1.1678880366139692,1.8505984753744635,1.5428257986608453,1.7782264672253034,2.26427436824291,2.4740722413429204,2.0238747123318097,1.1861847185793302,GREEN,IDE-food is GREEN. No current agro-energy regime alert under this specification.
2010-07-31,94.88,95.73,93.82,89.04,92.29,0.16051221500405966,0.08294569507962368,-0.07331047763778198,0.16395556811109355,0.15799639123562384,-0.45780287811842324,2.4307082004708036,2.2835584368606545,2.316675092175901,2.7010712236314403,2.704486590932839,2.6970856743477087,1.937535857430651,GREEN,IDE-food is GREEN. No current agro-energy regime alert under this specification.
2010-08-31,96.45,99.79,99.27,98.13,98.26,0.08444151635276409,0.08913627234240096,0.03079710169345784,-0.05750285181837916,0.19914729095484926,-0.17954758462144443,2.470971972792835,2.4940433433278515,2.3520166786215806,2.5761652470558176,2.428141234686756,2.7481146436788197,2.27616651265274,GREEN,IDE-food is GREEN. No current agro-energy regime alert under this specification.
2010-09-30,97.23,103.79,104.65,109.28,107.42,0.15583195799440297,0.14067284946538194,0.2204242952256381,0.16499870959045196,0.5814787176709431,0.32037844738845234,2.9262044182746356,3.0423509477416038,2.8018805020977937,2.941836846219609,2.7057817386680587,3.207037941139706,2.897082399537912,GREEN,IDE-food is GREEN. No current agro-energy regime alert under this specification.
2010-10-31,102.19,108.72,110.38,116.43,112.35,0.11718384149343919,0.1690545456872803,0.24701318266436267,0.0552271067208585,0.7853212868156978,0.38887717811180733,2.9826566038141,3.1959513103548463,2.7764302778150154,2.984053322420827,2.5690163424474064,3.4341291916736094,2.9800618679488093,GREEN,IDE-food is GREEN. No current agro-energy regime alert under this specification.
2010-11-30,106.09,113.04,113.97,119.25,118.16,0.11030564125252162,0.1805185123430304,0.29504379095854105,0.04116539363613153,0.8589307098701459,0.5126706773598737,3.0550050177061574,3.3102946065110537,2.843952389468618,3.0157356301385203,2.551449476771192,3.5121860029490484,3.127161673016776,WATCH,IDE-food is in WATCH. Stress is elevated but below the RED threshold.
2010-12-31,113.85,118.46,120.27,126.92,120.83,0.1805839368954132,0.21775542580177465,0.28550507336941156,0.26133462785394135,1.127040344011101,0.483631597971961,3.226966124471521,3.42903573315091,2.9602942475730987,3.2973026801795715,2.8248217227147485,3.7764614578822915,3.0930252813148607,WATCH,IDE-food is in WATCH. Stress is elevated but below the RED threshold.
2011-01-31,120.13,123.85,125.15,131.58,120.67,0.19851794155524072,0.25232999656705957,0.2609978329180569,0.317848147739808,1.3697961851074634,0.41554409926007196,3.3048570453176422,3.5090879764308047,2.9533020240670442,3.453466598330758,2.893998699672605,3.986736111054316,3.0120825091476386,WATCH,IDE-food is in WATCH. Stress is elevated but below the RED threshold.
2011-02-28,127.44,129.92,129.26,140.63,115.48,0.2874728455444373,0.3266072627737726,0.1775873702992774,0.5897511229903355,1.9046540674765189,0.1960276701797759,3.4990768220917823,3.6401242386453183,2.9848903438348438,3.839623153873357,3.2165401985725883,4.352086840068713,2.7442529323484925,WATCH,IDE-food is in WATCH. Stress is elevated but below the RED threshold.
2011-03-31,138.37,125.91,123.63,134.78,111.73,0.3289699154672565,0.3124752910611246,0.16220835495870567,0.7107910802016528,1.7552741926000202,0.15314903538102823,3.4806762850696766,3.54712330077608,3.0317200089426004,3.836261100031475,3.352879680230823,4.263083988509778,2.6910629975151377,WATCH,IDE-food is in WATCH. Stress is elevated but below the RED threshold.
2011-04-30,148.26,127.46,125.11,142.91,110.52,0.3464367318806447,0.3110183167645211,0.17842038149513684,0.7546764110076721,1.7070638624974093,0.1924219553413566,3.496118149204595,3.545985174119349,3.0811172784806997,3.8374925015294807,3.400984053890684,4.232275328874394,2.739788030209532,WATCH,IDE-food is in WATCH. Stress is elevated but below the RED threshold.
2011-05-31,139.06,123.87,123.29,142.4,108.36,0.3738962044685499,0.2913755456806877,0.20607883728710252,0.8326434223927286,1.5283855450906743,0.2613084929685335,3.4937987238767683,3.4987559025622454,3.1671685295365415,3.8009807288124597,3.4845678864885117,4.108849886912067,2.824789605547378,WATCH,IDE-food is in WATCH. Stress is elevated but below the RED threshold.
2011-06-30,138.72,123.0,123.31,141.76,146.02,0.3775285434808877,0.2855163975392836,0.5363974978334154,0.8336728991340184,1.4568128213004914,1.1159787839443893,3.7694073783574793,3.906524374339358,3.630401723264057,3.771126567675877,3.4856549223759443,4.055223600161422,3.7662103028740828,RED_STRUCTURAL,"IDE-food is in RED_STRUCTURAL regime. The agro-energy triad is elevated and remains structurally coherent under soft ablation. Historically, this state is associated with high domestic food-inflation regimes at 6–12 month horizons."
2011-07-31,141.94,122.65,123.99,138.69,153.45,0.40279149784742163,0.24780304174623602,0.5084389877882591,0.8974036647216551,1.1553630331927955,1.0254019921338502,3.674464510549913,3.737557523069474,3.6170129340784434,3.671414175214627,3.5520783142275287,3.802445665360393,3.680117527783493,RED_STRUCTURAL,"IDE-food is in RED_STRUCTURAL regime. The agro-energy triad is elevated and remains structurally coherent under soft ablation. Historically, this state is associated with high domestic food-inflation regimes at 6–12 month horizons."
2011-08-31,134.6,123.44,125.49,144.88,155.85,0.33328267785888954,0.21268723015868396,0.46127697947284396,0.6735767712492166,0.8819831666427392,0.8866800907479243,3.4612771142114553,3.538782014461664,3.428538965494026,3.417349565926004,3.3115179744528653,3.5361650665985604,3.5410229250821192,EARLY_AGROENERGY_WATCH,"IDE-food is in EARLY_AGROENERGY_WATCH. Energy and/or fertilizers are elevated, while agriculture has not fully joined the regime. This may correspond to an early latency configuration rather than a full RED regime."
2011-09-30,135.39,121.38,123.28,142.43,160.61,0.33108019668545374,0.1565564934305117,0.4022326815974919,0.6553123932713796,0.4626266899549772,0.7193908157468749,3.25101783677488,3.2292929659027045,3.326887596303438,3.189637913094182,3.2910329892266277,3.0681855736431487,3.3623642821962045,WATCH,IDE-food is in WATCH. Stress is elevated but below the RED threshold.
2011-10-31,133.59,115.34,117.0,134.92,160.82,0.26794158237760257,0.05910851834437825,0.3586667284886653,0.45153979930659477,-0.2522819573876774,0.5953828323400098,2.8608843983436403,2.7543085099684794,3.139783904321657,2.658162215564321,3.055026362996759,2.186309557748989,3.222996310122868,GREEN,IDE-food is GREEN. No current agro-energy regime alert under this specification.
2011-11-30,133.97,112.02,116.13,134.97,158.79,0.23332810381771463,-0.009064311594586094,0.29554293631488093,0.3329907830243019,-0.7567006378975,0.42255344558847696,2.5467823989856386,2.348040475475688,2.966678259076383,2.288080141770327,2.9124345099125235,1.5968151082740318,3.0204705261175557,GREEN,IDE-food is GREEN. No current agro-energy regime alert under this specification.
2011-12-31,131.09,109.43,114.0,128.36,149.11,0.14100231769996974,-0.079290275418467,0.2102996895636,0.03151053460694128,-1.2699942170791276,0.1956058840317594,2.125944995794201,1.9102867425692323,2.641795417878709,1.8071257085606893,2.539384909494287,1.0962912101508446,2.7437307216210365,GREEN,IDE-food is GREEN. No current agro-energy regime alert under this specification.
2012-01-31,134.11,111.13,115.96,129.4,138.56,0.1100858689895654,-0.10837046873781375,0.13824389772861512,-0.08209854787842304,-1.4750541577445218,0.005376950105765068,1.923828247555049,1.6836519866280857,2.4520548807214784,1.6314632529656294,2.3974344178164566,0.9308781104573457,2.5067211714389,GREEN,IDE-food is GREEN. No current agro-energy regime alert under this specification.
2012-02-29,142.79,113.37,119.07,130.96,139.33,0.1137293538404105,-0.13626207038386084,0.18774786533076693,-0.08669499095694543,-1.663327476260891,0.129176246726506,1.906387038362325,1.6611312965411766,2.5265497866705475,1.5347986693473794,2.3916990854745914,0.7965791419128857,2.6612461512123207,GREEN,IDE-food is GREEN. No current agro-energy regime alert under this specification.
2012-03-31,147.88,114.54,122.54,132.79,136.91,0.06646987738713861,-0.09464325904789739,0.20323852908641804,-0.2546110142351154,-1.3437045869845146,0.16512873177435033,1.9653447219022575,1.8511201117548421,2.4440829009138114,1.5961968094905932,2.183444493257327,1.0345075034344837,2.7059431643467735,GREEN,IDE-food is GREEN. No current agro-energy regime alert under this specification.
2012-04-30,142.43,114.75,123.15,129.66,154.34,-0.04011683828207868,-0.10504674094549316,0.3339614609742414,-0.6080679060428403,-1.4036616992507411,0.49906570655708743,1.9358196535513883,2.031700415269147,2.431890483691439,1.369161562934551,1.7625003027408432,0.9861784897549116,3.111198718334,GREEN,IDE-food is GREEN. No current agro-energy regime alert under this specification.
2012-05-31,132.28,112.9,120.58,131.71,161.1,-0.04998460655728021,-0.09273015741049218,0.39656627296603464,-0.6424052390746906,-1.299325807090974,0.6531342396959083,2.0233516401171023,2.1915777057417976,2.506705609307176,1.3988534466513876,1.7235151718960455,1.0713925219282305,3.2885820422312517,GREEN,IDE-food is GREEN. No current agro-energy regime alert under this specification.
2012-06-30,115.97,110.53,119.92,132.52,152.75,-0.17912597606362013,-0.10689737804955346,0.04505899942376512,-1.0682475351697176,-1.383780123142541,-0.26521941022214635,1.4639754225863608,1.5700069371122698,1.6961432816493076,1.1450780494414359,1.2786824867841369,1.0020129076001347,2.170405485866252,GREEN,IDE-food is GREEN. No current agro-energy regime alert under this specification.
2012-07-31,124.56,118.44,132.12,153.58,118.64,-0.1306169055710944,-0.03492826747110733,-0.2572810832360677,-0.908693323390846,-0.8615755601296153,-1.0477296521956017,1.4012511679471022,1.382577365978548,1.3662340384260396,1.4587016528542371,1.4363364905030178,1.485051355664153,1.298306540874254,GREEN,IDE-food is GREEN. No current agro-energy regime alert under this specification.
2012-08-31,135.38,118.07,132.36,153.69,140.41,0.005778221869833899,-0.0444775391358867,-0.10432729208679525,-0.45837085118396326,-0.9201224040733775,-0.6429940201363837,1.701997494048017,1.5814228701275372,1.8285304659911477,1.6908198362619504,1.9368618716430863,1.424664771409294,1.7228502549840636,GREEN,IDE-food is GREEN. No current agro-energy regime alert under this specification.
2012-09-30,135.21,118.11,131.08,151.2,140.68,-0.001330377136352645,-0.027309726783953714,-0.13249125846902388,-0.48150879349255943,-0.7912037834935833,-0.7104560224213928,1.7098260217684067,1.6065869200145424,1.7763169623872517,1.7438559741211876,1.9094795448526103,1.5595512610984321,1.6474904186861314,GREEN,IDE-food is GREEN. No current agro-energy regime alert under this specification.
2012-10-31,134.15,114.94,126.46,151.43,134.99,0.00418316886991299,-0.0034740351076711917,-0.17508502549926774,-0.46006857460995554,-0.6153167877440614,-0.8155855575030494,1.7363352771030365,1.6334943461133378,1.7286894955825094,1.8505772133668954,1.9348477809158156,1.7542366141802108,1.5335076307672426,GREEN,IDE-food is GREEN. No current agro-energy regime alert under this specification.
2012-11-30,132.33,112.56,123.83,151.86,138.42,-0.01231709150393634,0.00480898602444757,-0.13729003312428834,-0.506279973384055,-0.5472682725914327,-0.713240900368601,1.7820125377985452,1.730034426231383,1.7605692372155677,1.8581882735254616,1.8803299533767017,1.8324921127467906,1.6444155778465162,GREEN,IDE-food is GREEN. No current agro-energy regime alert under this specification.
2012-12-31,132.37,112.13,122.75,147.25,136.62,0.009716921515961374,0.024373837042437785,-0.08748093929911338,-0.4273021535945946,-0.4034534750805654,-0.5821323539832834,1.9179499202243453,1.8880967808848423,1.882163693603817,1.9870182303778612,1.9738536802490612,2.0024144445165475,1.7922104338736387,GREEN,IDE-food is GREEN. No current agro-energy regime alert under this specification.
2013-01-31,135.93,111.19,121.25,144.8,131.82,0.013479688624307151,0.0005397625176026821,-0.04986608918955149,-0.4051700823058776,-0.5604487137925421,-0.48375964580804615,1.9121343809592743,1.8652496882992242,1.9533879864258286,1.9149963274125796,2.0003540414053114,1.817218211816967,1.9068236675308579,GREEN,IDE-food is GREEN. No current agro-energy regime alert under this specification.
2013-02-28,139.79,110.02,120.76,142.85,136.41,-0.021233722959166812,-0.029994638582194533,-0.021180163620472037,-0.5079540726745734,-0.7622760336215065,-0.40852732496797667,1.8299586056071342,1.8041125993874383,1.9370163094581623,1.742847089323206,1.8783663049366737,1.590761593881085,1.9963264675541361,GREEN,IDE-food is GREEN. No current agro-energy regime alert under this specification.
2013-03-31,132.54,109.01,120.02,143.02,129.71,-0.1095166474083511,-0.0494844858254444,-0.05402258629308232,-0.7870361769136514,-0.885065352384773,-0.48911755597458484,1.6455938676069155,1.6903993913871724,1.728406978230225,1.5158155256111938,1.5640270685736777,1.460646070947559,1.9005073546997864,GREEN,IDE-food is GREEN. No current agro-energy regime alert under this specification.
2013-04-30,126.61,106.74,116.43,136.09,117.32,-0.11773915541433322,-0.072359878034856,-0.27425271692020736,-0.8019812351594674,-1.0299685399196559,-1.0452247711997384,1.3888876659521545,1.3075032683087096,1.421121633631449,1.4378594321803941,1.5480093652641396,1.3154510170240892,1.3007156479075932,GREEN,IDE-food is GREEN. No current agro-energy regime alert under this specification.
2013-05-31,126.3,107.08,116.73,140.02,123.66,-0.04626085875714647,-0.05292625250346461,-0.26448942605250636,-0.5600385078878156,-0.8813287445740947,-1.0066492066796107,1.5365353493204923,1.3956220304572269,1.5679982805580908,1.6498438502046093,1.8176927489152501,1.4645125303712034,1.3381805910500912,GREEN,IDE-food is GREEN. No current agro-energy regime alert under this specification.
2013-06-30,125.71,107.1,117.55,138.72,114.45,0.08064612995812759,-0.03152399986916077,-0.2886645516531292,-0.13839404361315813,-0.723372142705524,-1.0542691935039552,1.7325180455836187,1.4436629703064232,1.775917046867922,1.996498431660808,2.3272830269313425,1.633254233930211,1.2920307077433517,GREEN,IDE-food is GREEN. No current agro-energy regime alert under this specification.
2013-07-31,129.89,104.71,114.42,132.26,110.33,0.04190041089344998,-0.12321187893402019,-0.07261782305746234,-0.26218493799671744,-1.3430671319009864,-0.49570457247872457,1.6945207999946863,1.4588583632792578,2.0319071723097197,1.59208776331533,2.174133390489462,1.0350306115975134,1.8927531995919564,GREEN,IDE-food is GREEN. No current agro-energy regime alert under this specification.
2013-08-31,133.04,102.61,110.29,120.84,107.23,-0.01743580419578894,-0.14034227504490104,-0.26959065389449677,-0.4536161118094383,-1.442559253161224,-0.9847605644483048,1.408343209657215,1.1608912030235687,1.637858707219438,1.4349465886663817,1.9425067392193924,0.9557467318783327,1.3597410277980475,GREEN,IDE-food is GREEN. No current agro-energy regime alert under this specification.
2013-09-30,133.77,102.6,109.85,111.46,102.14,-0.010707218063171986,-0.1407784608870868,-0.3201433863862837,-0.42608643383029393,-1.425466055293254,-1.0986050133717407,1.3831081297425503,1.1139647221787219,1.5906860051076834,1.4582967950117662,1.9753062060678817,0.9690305424135462,1.2500068206027515,GREEN,IDE-food is GREEN. No current agro-energy regime alert under this specification.
2013-10-31,131.75,102.86,110.08,111.86,98.31,-0.018052389450161854,-0.11104141273282586,-0.3170749502419028,-0.4492523960015052,-1.2079781450980867,-1.074512961068778,1.4496630972003925,1.215174332712076,1.5911882797856156,1.5507335470407744,1.9476926514762851,1.1502949518830605,1.272728957745587,GREEN,IDE-food is GREEN. No current agro-energy regime alert under this specification.
2013-11-30,130.35,102.06,109.16,109.17,99.75,-0.015075662405447332,-0.09792553717030827,-0.32762548564374416,-0.4363655454853095,-1.104445230890069,-1.0843102781941683,1.482969939719194,1.2547017735851056,1.5928645319478465,1.609875264114581,1.9630366346819774,1.2445395947057636,1.2634560174796028,GREEN,IDE-food is GREEN. No current agro-energy regime alert under this specification.
2013-12-31,134.15,102.2,108.57,107.94,101.25,0.01335754514595422,-0.09272723470318578,-0.2996106433170542,-0.3380733684978591,-1.05408173699814,-0.9982508464041786,1.5673588946633843,1.3212264873359936,1.6945424888015008,1.6941205598112143,2.0813877733515027,1.2922103295852103,1.3464273239991456,GREEN,IDE-food is GREEN. No current agro-energy regime alert under this specification.
2014-01-31,131.22,100.96,106.52,106.36,105.67,-0.03526474343042452,-0.09651605092225513,-0.22111632517163393,-0.4947767256073762,-1.0650512018528933,-0.7899229025787959,1.5833039663878286,1.4279445084061515,1.723577770199548,1.5954245946973558,1.893844702639214,1.2817267369467045,1.560926119841155,GREEN,IDE-food is GREEN. No current agro-energy regime alert under this specification.
2014-02-28,133.97,103.21,108.29,111.31,105.61,-0.04252540219414236,-0.06389641986947048,-0.255911992746646,-0.5162444906909583,-0.8362348920718867,-0.8646347383427544,1.6213926058867827,1.4955630401920688,1.6696764297312292,1.699284067880186,1.8686540793132913,1.5116417564724185,1.4818596319805226,GREEN,IDE-food is GREEN. No current agro-energy regime alert under this specification.
2014-03-31,130.67,108.07,113.83,115.63,102.6,-0.014209425659025499,-0.008660455825192592,-0.23446325661591327,-0.4252305870521903,-0.46351480329512845,-0.802866759493136,1.8074666718902497,1.719183585532016,1.7556809745893236,1.9552506050492133,1.97632898279925,1.9307617337780627,1.5470631271378097,GREEN,IDE-food is GREEN. No current agro-energy regime alert under this specification.
2014-04-30,130.68,107.31,112.31,114.18,94.91,0.031640091200707765,0.005325871033237561,-0.21197616996684943,-0.2720506009585941,-0.3630153450136604,-0.7407303405890014,1.9309239540435925,1.810339205992267,1.880200319414813,2.1106515580557685,2.162018724582277,2.051149162101341,1.6142222951616327,GREEN,IDE-food is GREEN. No current agro-energy regime alert under this specification.
2014-05-31,132.33,106.88,112.05,113.77,96.03,0.04663877342851297,-0.0018695088638169821,-0.252875221480541,-0.2170119539523237,-0.4018006284726131,-0.8328820633569525,1.9018205011738807,1.733109522648905,1.858480935601387,2.1249778075701014,2.2297946512885716,2.00439898263828,1.5151800906159159,GREEN,IDE-food is GREEN. No current agro-energy regime alert under this specification.
2014-06-30,134.32,104.66,109.0,107.35,99.5,0.06624734584254544,-0.02304597650964091,-0.13998040223402874,-0.145408926503696,-0.5324097196325868,-0.5493636214984412,2.0030869527023274,1.8391485195810757,2.070081929970215,2.0984760877196096,2.3185584256306875,1.8497751738295432,1.8300603313236747,GREEN,IDE-food is GREEN. No current agro-energy regime alert under this specification.
2014-07-31,127.95,102.61,105.68,101.12,100.48,-0.015048375813394799,-0.02025923042525335,-0.09351717205232646,-0.4077628695973015,-0.5050560548509715,-0.43061226208800096,1.9528128336623187,1.9290362214204515,1.983555874143763,1.9436337566617292,1.997243320845027,1.8817660744698674,1.9699006925810267,GREEN,IDE-food is GREEN. No current agro-energy regime alert under this specification.
2014-08-31,122.39,100.94,103.8,98.77,101.44,-0.08343716749042507,-0.016409112962000982,-0.05550856954313854,-0.6242891691634455,-0.47138215926648236,-0.33259773262974024,1.9156014134056445,2.010584889646936,1.913098744695049,1.82501268072223,1.744032882414146,1.9214457863114764,2.088043446821276,GREEN,IDE-food is GREEN. No current agro-energy regime alert under this specification.
2014-09-30,117.44,97.81,100.27,92.49,102.79,-0.13019434244128902,-0.04781111143426742,0.006343650805332501,-0.7670416005507238,-0.6703379621051077,-0.17659602713563502,1.8509817561360673,2.00118594258854,1.9209292260370974,1.6343134599983509,1.5855970732413107,1.6921058477937898,2.279826865050276,GREEN,IDE-food is GREEN. No current agro-energy regime alert under this specification.
2014-10-31,106.77,97.31,99.54,92.62,103.53,-0.21022919923126082,-0.05546708151287216,0.0517356743991888,-1.0172207976480192,-0.7124854748011384,-0.06076805429525196,1.7819793317416448,2.052909073264914,1.8421076770079763,1.469441449715984,1.3278455443367458,1.645249369511767,2.4240632986713204,GREEN,IDE-food is GREEN. No current agro-energy regime alert under this specification.
2014-11-30,97.3,97.15,101.22,96.97,103.35,-0.29242415118755183,-0.049304699812376285,0.035454230357804484,-1.2721778954763925,-0.667483689972225,-0.09504050083302709,1.6826776799684748,2.0557116520262815,1.6772812179922312,1.3515125989264156,1.094423301286981,1.695302567418517,2.38128871742788,GREEN,IDE-food is GREEN. No current agro-energy regime alert under this specification.
2014-12-31,79.8,95.71,99.69,98.43,101.78,-0.5194350724158703,-0.06560889156178895,0.005220915174037444,-1.9976418998212715,-0.7710072189367916,-0.1638572798255631,1.3567076172464392,1.9538456962661235,1.2668209497959373,0.9643231801637682,0.5972536491035128,1.5813063243329644,2.295635447934209,GREEN,IDE-food is GREEN. No current agro-energy regime alert under this specification.
2015-01-31,63.75,93.67,97.15,95.38,101.36,-0.721906119878196,-0.07494643157186331,-0.04164249444005552,-2.60358120400727,-0.8269541067874006,-0.2747943669609367,1.1087323163637601,1.853007402344806,0.958355780717251,0.7192962083352592,0.3445414773689875,1.521447465975315,2.158652328365886,GREEN,IDE-food is GREEN. No current agro-energy regime alert under this specification.
2015-02-28,73.77,91.99,94.29,93.8,101.7,-0.5966637493926834,-0.11508587208877596,-0.037725760703868794,-2.1154538734328328,-1.0835475179520597,-0.26128155797598135,1.1961354306998462,1.7253411189909686,1.1677549780835064,0.8128769550504796,0.5380191766130091,1.26417634528819,2.1752434949859745,GREEN,IDE-food is GREEN. No current agro-energy regime alert under this specification.
2015-03-31,71.15,89.8,92.43,92.62,100.88,-0.6078847364651931,-0.1851941900069205,-0.01690624108000449,-2.0940690410909744,-1.5275698767733246,-0.2051888554362121,1.102279809274058,1.5335788645549058,1.2027843184593365,0.68963946234967,0.5483730844074379,0.8917476004250653,2.2444100493559893,GREEN,IDE-food is GREEN. No current agro-energy regime alert under this specification.
2015-04-30,73.36,89.45,91.47,90.7,95.16,-0.5773727587846604,-0.18204203198430768,0.0026306112923561997,-1.9468451869443988,-1.4836204759498886,-0.15089717521576348,1.1758940319895674,1.5867248486303414,1.297209619709065,0.7509898666338817,0.6244888304277433,0.9244059524521868,2.31173562646667,GREEN,IDE-food is GREEN. No current agro-energy regime alert under this specification.
2015-05-31,79.26,89.28,89.67,87.35,95.41,-0.5125652150226694,-0.17992921115533456,-0.006477247886127024,-1.7038539911275414,-1.4492030931713062,-0.16570164645798224,1.2589338731334843,1.5953087926755314,1.4097820238799188,0.8495094065344463,0.7698129086650701,0.9506212052455971,2.2933455688610773,GREEN,IDE-food is GREEN. No current agro-energy regime alert under this specification.
2015-06-30,76.68,89.08,88.9,86.33,100.19,-0.5605840945918414,-0.1611821585548947,0.0069107391066243196,-1.8116443157495177,-1.3096146924267267,-0.12509750633674308,1.2763080652658763,1.69047206163234,1.3760266662582314,0.8540210768027143,0.702197563558909,1.0627566358233813,2.3438317254478847,GREEN,IDE-food is GREEN. No current agro-energy regime alert under this specification.
2015-07-31,69.97,89.42,89.92,88.85,99.81,-0.6035729838479931,-0.13759102306828286,-0.006690324021393579,-1.8995257906880947,-1.1434811358427897,-0.15395078317754188,1.2848652106109804,1.759546595743683,1.3185847187261888,0.87501105093238,0.6508107745537411,1.208408968583055,2.3079407018878477,GREEN,IDE-food is GREEN. No current agro-energy regime alert under this specification.
2015-08-31,60.27,85.61,84.68,81.64,98.44,-0.7083781998992942,-0.16472418215772233,-0.030020265166060156,-2.1641177166545726,-1.2974019952265334,-0.2080750871735911,1.1401327577369471,1.6470647936027083,1.1697890900400476,0.7313910097157259,0.5150966292258806,1.0730129079808568,2.2408404981315275,GREEN,IDE-food is GREEN. No current agro-energy regime alert under this specification.
2015-09-30,60.31,83.86,82.89,80.51,99.61,-0.6664296374033105,-0.15387807955978516,-0.03142551086775658,-1.9853503235616417,-1.2109645092015078,-0.20950373706859524,1.2194327490110495,1.6905630823616609,1.2511115089321168,0.8205627607966424,0.6037482244563073,1.1476521832824724,2.2390740075387834,GREEN,IDE-food is GREEN. No current agro-energy regime alert under this specification.
2015-10-31,60.51,84.76,84.24,82.96,95.47,-0.5678683475559811,-0.1380780254337992,-0.08104936376807981,-1.6559391104897154,-1.0960141392914575,-0.33076985288491384,1.3210967850645505,1.6768907584608532,1.3512500705315489,0.9910559220938588,0.8015393825785192,1.2524373468173053,2.0902665894548464,GREEN,IDE-food is GREEN. No current agro-energy regime alert under this specification.
2015-11-30,55.87,83.7,82.91,82.03,96.56,-0.5547714257209018,-0.14901719832801952,-0.0679567093385014,-1.5840337372386064,-1.1467559443770767,-0.2979577320546358,1.3420311371183304,1.6704871037199374,1.4034962635620665,1.0032689126643077,0.8511248242132519,1.2054106089962686,2.130284041509563,GREEN,IDE-food is GREEN. No current agro-energy regime alert under this specification.
2015-12-31,48.3,83.66,83.03,82.61,96.25,-0.5020919437972364,-0.1345618201937624,-0.05586464799279245,-1.4033761762963461,-1.0419032334237712,-0.26589924552848465,1.4485248407025508,1.7442989153404158,1.513326722609143,1.1251919259464767,0.9864045489348491,1.303914653579004,2.1695704996322904,GREEN,IDE-food is GREEN. No current agro-energy regime alert under this specification.
2016-01-31,40.86,82.3,83.11,82.77,90.32,-0.4448175946490598,-0.12940685953801534,-0.11531961617147779,-1.2170146275170761,-0.9954982240033737,-0.4087770094016471,1.4786899777839821,1.6817848239206534,1.536368789344834,1.2349075682737332,1.1423112367228192,1.3491372218671354,1.9960270378851728,GREEN,IDE-food is GREEN. No current agro-energy regime alert under this specification.
2016-02-29,42.84,82.53,83.82,82.61,80.3,-0.543479899316663,-0.10851801188447308,-0.23625768210179832,-1.4740827143202915,-0.8541807786104191,-0.7014170845343835,1.3273985893590226,1.5803159105349223,1.2602111187980614,1.1681072851750725,0.9316142724846893,1.4927828993006351,1.6574905843231198,GREEN,IDE-food is GREEN. No current agro-energy regime alert under this specification.
2016-03-31,48.74,84.41,85.85,82.9,82.0,-0.3782902763388014,-0.06189909731252552,-0.20721244439241104,-0.9839725867787263,-0.5606321812686901,-0.6223673195230587,1.6255253231452582,1.7787321617705547,1.5467392191309945,1.562363204786916,1.3605212358280439,1.8170059889654784,1.746216166050155,GREEN,IDE-food is GREEN. No current agro-energy regime alert under this specification.
2016-04-30,52.28,86.89,88.46,84.31,81.36,-0.33876493919218786,-0.029036859103613644,-0.15667593369445232,-0.8586334096959548,-0.3570870170888143,-0.492181364750111,1.7947650463493618,1.970834481568404,1.6864354788243365,1.7407847147997555,1.4881247229424257,2.058324497035561,1.896899143339987,GREEN,IDE-food is GREEN. No current agro-energy regime alert under this specification.
2016-05-31,57.65,89.62,92.47,85.9,81.09,-0.3183433410472212,0.0038010107249961678,-0.16262374580728878,-0.7875605951125234,-0.15469957484826563,-0.502507195684702,1.8901320169574605,2.0766422283011106,1.7205475431142208,1.8930280724085635,1.5634634839867614,2.307010263206466,1.8847582482991472,GREEN,IDE-food is GREEN. No current agro-energy regime alert under this specification.
2016-06-30,60.23,92.57,96.83,88.83,72.54,-0.24147035112181392,0.03843027268995236,-0.322930249416415,-0.5594067381757309,0.058680422770447924,-0.8906347887879378,1.8995733678122892,1.9438453719276774,1.6314416810601546,2.15946029895666,1.8184237008312492,2.573329487822804,1.4548942334219694,GREEN,IDE-food is GREEN. No current agro-energy regime alert under this specification.
2016-07-31,57.28,90.35,93.32,82.48,76.65,-0.2001150561054148,0.01034664623240289,-0.2640187733806716,-0.43404833870274734,-0.10815268482173941,-0.7380916435822323,1.9554952009969975,1.949954361874003,1.7876854400420759,2.147814216993725,1.965800205754361,2.364940767338424,1.6171079482076192,GREEN,IDE-food is GREEN. No current agro-energy regime alert under this specification.
2016-08-31,58.42,89.15,91.55,77.7,72.69,-0.031176170535357706,0.040518245554755694,-0.30324340202631106,0.04722275727432502,0.07812760201076964,-0.8266473477008949,2.189904754665086,1.9956889924131946,2.0189328084579365,2.5768339597372316,2.5590174796405964,2.5976098573158644,1.521772185969054,GREEN,IDE-food is GREEN. No current agro-energy regime alert under this specification.
2016-09-30,59.09,88.61,90.54,75.43,73.05,-0.02043622210531204,0.05509597631659435,-0.3101184229603655,0.0800756630234089,0.16974091357853652,-0.8338809122573699,2.23486385262758,2.0418946660736,2.03437081511826,2.6516381574347667,2.6000411282495293,2.711668170964591,1.5141254878250705,GREEN,IDE-food is GREEN. No current agro-energy regime alert under this specification.
2016-10-31,64.39,87.39,89.35,75.53,72.97,0.06214970091586203,0.030557126239354027,-0.26876366423241294,0.30913610794187774,0.02337966955328332,-0.7244573624845134,2.3273396372612014,2.031476516095829,2.241353016684333,2.72098240290517,2.883371904432219,2.529223255812637,1.6320609876854737,GREEN,IDE-food is GREEN. No current agro-energy regime alert under this specification.
2016-11-30,60.93,87.88,89.92,75.06,74.51,0.08669810078934592,0.04873327002098016,-0.2592312322236401,0.37370682523164417,0.13673804758501032,-0.694017977020191,2.411178040424432,2.114851078979242,2.3002323478706588,2.8285101434750732,2.9617718675477374,2.670656740705433,1.665699255508338,GREEN,IDE-food is GREEN. No current agro-energy regime alert under this specification.
2016-12-31,69.59,87.66,90.29,74.7,75.03,0.36518931819823175,0.04670472897661071,-0.24906093961025633,1.1505384584763907,0.1294739627788397,-0.662870878552117,2.7609533223642666,2.1312432419289897,2.8032910457095257,3.3178875901339073,3.79804627422587,2.6616167445742893,1.700475018366744,GREEN,IDE-food is GREEN. No current agro-energy regime alert under this specification.
2017-01-31,70.23,89.47,92.13,77.89,76.79,0.5416239807814534,0.08353226587648077,-0.1622844964989536,1.626341953096628,0.35768019928399325,-0.44648104473906475,3.1360374011191885,2.4058823754844765,3.2167459424728,3.6950272395422634,4.178339532969059,2.942393799779186,1.9509887709913032,WATCH,IDE-food is in WATCH. Stress is elevated but below the RED threshold.
2017-02-28,70.1,89.28,91.74,78.11,76.75,0.492450548460996,0.07861563502840774,-0.04521623448540879,1.4581466339091702,0.329573625662113,-0.15906944081055058,3.1747930894395577,2.583042098445516,3.2845323946454843,3.5927361501756585,4.056245217961066,2.9082781489118483,2.3015814062314823,WATCH,IDE-food is in WATCH. Stress is elevated but below the RED threshold.
2017-03-31,65.94,87.68,90.41,77.4,76.45,0.30224518944652434,0.03800794520407713,-0.0700823148891816,0.914910229564837,0.08464501402450453,-0.21356346168034832,2.8365260884243395,2.405134596230925,2.9339043161956906,3.149410317959525,3.570019478986086,2.605743139555032,2.234055700970025,GREEN,IDE-food is GREEN. No current agro-energy regime alert under this specification.
2017-04-30,67.44,86.81,89.42,78.8,73.74,0.25462442493757864,-0.0009211284473984449,-0.09833835893430631,0.7756131378837997,-0.14768615017360817,-0.27583146300787276,2.6630404396617147,2.230195522029628,2.810748160381904,2.9324513159743737,3.4236693773489932,2.3157271249524616,2.1573802166091283,GREEN,IDE-food is GREEN. No current agro-energy regime alert under this specification.
2017-05-31,64.87,88.15,91.82,83.42,68.51,0.11799502050989652,-0.016538600514117263,-0.16857992894165807,0.39668644147838633,-0.23654642155626485,-0.4388810590058678,2.3929005369842846,2.0723754608930998,2.4736293421618885,2.6304129131800273,2.989456411891461,2.2056880277745976,1.9600381138354799,GREEN,IDE-food is GREEN. No current agro-energy regime alert under this specification.
2017-06-30,60.61,87.11,91.52,86.6,70.26,0.006289328907564062,-0.06079342724831882,-0.03193548701707538,0.09071724723033593,-0.5002314490972782,-0.10214126849765284,2.3077952423838024,2.145069927164884,2.4928600061210036,2.2730908129503806,2.613318855445176,1.8874313947145969,2.3724343011286306,GREEN,IDE-food is GREEN. No current agro-energy regime alert under this specification.
2017-07-31,62.91,87.5,91.68,85.43,68.92,0.09375361092954826,-0.03205222367466831,-0.10630319365809449,0.3287975039728758,-0.3140997399378717,-0.27448922357347255,2.406016781870364,2.1366280802400985,2.533940589774985,2.5400911866029916,2.9073338115079768,2.110571777928033,2.1590266544416115,GREEN,IDE-food is GREEN. No current agro-energy regime alert under this specification.
2017-08-31,66.41,85.55,88.5,78.49,70.75,0.1281893505930265,-0.04121934397094762,-0.027051286973197364,0.420839012933774,-0.3608864981253557,-0.07588502310204916,2.515584731868066,2.2416454337959806,2.715063360101998,2.575030739158379,3.0184200042449443,2.0537249334757255,2.405189214372338,GREEN,IDE-food is GREEN. No current agro-energy regime alert under this specification.
2017-09-30,70.74,86.1,89.21,79.61,74.08,0.1799494784197515,-0.028735306625526036,0.014001452141215509,0.5570074221234791,-0.2740043175732646,0.02877901845088169,2.653337230171948,2.361433239220169,2.863521465780894,2.716287366240991,3.1787991657927304,2.1596215312935714,2.5359712903836815,GREEN,IDE-food is GREEN. No current agro-energy regime alert under this specification.
2017-10-31,73.28,85.3,88.6,79.08,78.09,0.12932937881578344,-0.024206405141819154,0.06781360989705476,0.420482384127326,-0.23448703141686494,0.16623453746823727,2.668500166251019,2.4766083339855225,2.8640907010472976,2.6475642775030748,3.017993371927684,2.2082268956306503,2.7073159787811516,GREEN,IDE-food is GREEN. No current agro-energy regime alert under this specification.
2017-11-30,78.95,85.58,89.19,80.33,82.68,0.25908907644124834,-0.026520636527738617,0.10404439024793177,0.7784904644165707,-0.23731486466495041,0.2626927201317048,2.863920872395106,2.539896598410332,3.136430449821561,2.8840079701418992,3.426773416526885,2.2047408292166724,2.8264905323376395,GREEN,IDE-food is GREEN. No current agro-energy regime alert under this specification.
2017-12-31,80.83,84.85,88.2,81.4,74.1,0.14972730488899444,-0.03258070331042795,-0.012472501255595958,0.4857896457455902,-0.26390899280781754,-0.013717793547499307,2.607499235016026,2.3387359136960537,2.793682677783914,2.6744347097626173,3.0955704005973654,2.172015175655461,2.48285302695484,GREEN,IDE-food is GREEN. No current agro-energy regime alert under this specification.
2018-01-31,87.41,87.03,90.64,86.09,75.45,0.21883412242146694,-0.027650486758082238,-0.017604238128594574,0.6808795405488892,-0.22043905423109642,-0.01647012711916103,2.7075357565296976,2.361878751629359,2.911478595258334,2.829185407464219,3.3196748673130285,2.225561607216631,2.4794128064811822,GREEN,IDE-food is GREEN. No current agro-energy regime alert under this specification.
2018-02-28,82.11,88.67,92.92,86.86,77.7,0.1581370176801533,-0.006855885241084714,0.012301870906294532,0.5240421704204367,-0.07273446340537927,0.0676794000169114,2.730942462766816,2.503591249422673,2.8671517045713206,2.8091677873342866,3.1404623706416164,2.409121981559335,2.5845669725586613,GREEN,IDE-food is GREEN. No current agro-energy regime alert under this specification.
2018-03-31,82.81,90.04,94.0,89.11,78.28,0.22780358940202383,0.026560192838825714,0.023655210152803363,0.727064676167184,0.16409754623665587,0.10516931334283317,2.9215734225662127,2.665217537993974,3.0127685423404467,3.0736440000851335,3.3708040287614414,2.7046628752094812,2.6313406053340316,GREEN,IDE-food is GREEN. No current agro-energy regime alert under this specification.
2018-04-30,88.4,91.66,96.09,93.65,78.59,0.27063365594999844,0.0543642566772613,0.0636990720720858,0.8570345922411693,0.37749087976917833,0.21612698204005348,3.099181916423726,2.860718298146174,3.155083319071565,3.2689115808906655,3.510203617856652,2.966338956935778,2.7691120041279813,WATCH,IDE-food is in WATCH. Stress is elevated but below the RED threshold.
2018-05-31,94.6,91.85,96.79,94.41,77.4,0.37727220883286794,0.04111690281725533,0.12200706058087363,1.1655129897964989,0.3179059837825282,0.38508192790608103,3.2715965840655836,2.9380302347922624,3.423328623957448,3.422262211641331,3.811665050699731,2.894069198769355,2.975491075337314,EARLY_AGROENERGY_WATCH,"IDE-food is in EARLY_AGROENERGY_WATCH. Energy and/or fertilizers are elevated, while agriculture has not fully joined the regime. This may correspond to an early latency configuration rather than a full RED regime."
2018-06-30,93.67,88.94,93.38,90.48,78.03,0.4353180712578455,0.0207902972517493,0.10489072129098886,1.342758109231664,0.2024385428292596,0.36997990518583335,3.2965151917523032,2.863227684174678,3.5095073903823755,3.467418468559328,3.964715727993375,2.7521875171872536,2.9572706140415286,EARLY_AGROENERGY_WATCH,"IDE-food is in EARLY_AGROENERGY_WATCH. Energy and/or fertilizers are elevated, while agriculture has not fully joined the regime. This may correspond to an early latency configuration rather than a full RED regime."
2018-07-31,93.03,86.35,89.97,86.67,82.64,0.39121688819852896,-0.013229988770881107,0.18154741315165435,1.231400880400537,-0.021787990300729275,0.6088600824225624,3.2710027124534737,2.893929942403952,3.5753434572098257,3.2884377082977956,3.8703183352468673,2.4727660894811696,3.238403638198625,EARLY_AGROENERGY_WATCH,"IDE-food is in EARLY_AGROENERGY_WATCH. Energy and/or fertilizers are elevated, while agriculture has not fully joined the regime. This may correspond to an early latency configuration rather than a full RED regime."
2018-08-31,91.99,84.84,88.71,90.4,84.57,0.32583222793644406,-0.008333870641719976,0.17842705727078378,1.0565745595579807,0.03851252855092684,0.6490867424280383,3.23803296143428,2.9540117765222,3.505802993982658,3.2130378165695324,3.710176975918539,2.548134711325819,3.2840231633347132,EARLY_AGROENERGY_WATCH,"IDE-food is in EARLY_AGROENERGY_WATCH. Energy and/or fertilizers are elevated, while agriculture has not fully joined the regime. This may correspond to an early latency configuration rather than a full RED regime."
2018-09-30,98.72,82.65,85.62,85.8,86.7,0.33327637637974306,-0.040894587166651064,0.15730829344857256,1.0866852192605798,-0.19863239970349425,0.6470909167712485,3.167465694749553,2.8191947170478207,3.5204887868375727,3.1046079066577295,3.7387850650516095,2.2525226472230018,3.2817730415653505,WATCH,IDE-food is in WATCH. Stress is elevated but below the RED threshold.
2018-10-31,100.22,83.38,86.37,87.37,88.15,0.31308004916570376,-0.022765982044982813,0.12117790116929594,1.0264587354196468,-0.04227045822778438,0.5871272071227485,3.1730831375623754,2.8680997410096323,3.457128426021057,3.151144717194397,3.681143860317224,2.447169793361978,3.2135286123738296,WATCH,IDE-food is in WATCH. Stress is elevated but below the RED threshold.
2018-11-30,84.44,82.21,84.81,85.85,93.12,0.0672264822784685,-0.040174661824629254,0.1189112491695603,0.31037413503671984,-0.17905602051745437,0.6286892756333878,2.8415451928677475,2.8181207979324148,3.076364556685349,2.605541350507409,2.8848829031132035,2.276776055570958,3.2609610002518052,GREEN,IDE-food is GREEN. No current agro-energy regime alert under this specification.
2018-12-31,74.9,82.52,86.08,88.39,89.43,-0.07619429322257876,-0.027844303477184695,0.18804066405604836,-0.11117438522829266,-0.08418413565347642,0.8831168361269756,2.80463442258651,3.0373266436466415,2.976562394023883,2.3767034283056647,2.36117497583112,2.3948319333311936,3.5373384475236125,GREEN,IDE-food is GREEN. No current agro-energy regime alert under this specification.
2019-01-31,76.2,83.31,86.97,88.45,86.82,-0.13724822989979568,-0.04368429681460473,0.14036682465758954,-0.3019889039863183,-0.2184473726234866,0.7373307366209154,2.608476132896241,2.8675694763193134,2.7710194003578885,2.1726020643609707,2.1253567560710227,2.228021476052606,3.3820594314082397,GREEN,IDE-food is GREEN. No current agro-energy regime alert under this specification.
2019-02-28,80.09,83.54,87.45,89.97,84.84,-0.024908809385106423,-0.059596054322886616,0.08791187232288067,0.013368397326133779,-0.35266140528130535,0.5738306641758844,2.6245483670476433,2.682448728047222,2.8643856419650433,2.305930696874437,2.5167102477954075,2.0636859317905443,3.198233051206504,GREEN,IDE-food is GREEN. No current agro-energy regime alert under this specification.
2019-03-31,82.22,82.8,86.2,87.63,84.28,-0.007150245575876291,-0.08382595464731768,0.07385244640811361,0.04977421957447063,-0.5637301921289398,0.5388448097192526,2.546116771311538,2.5374522473976624,2.865254222965023,2.2095898738935653,2.5622049324119742,1.8134240266149868,3.157718250700388,GREEN,IDE-food is GREEN. No current agro-energy regime alert under this specification.
2019-04-30,86.43,82.94,85.97,86.71,84.71,-0.022537131879051486,-0.09996862426274244,0.0749891935653757,-0.014540824902874167,-0.722141988343149,0.5509729661342166,2.463888328022703,2.4542319250103906,2.8332745029711903,2.077679948403584,2.4818242891196234,1.6346073850111376,3.1718064855798302,GREEN,IDE-food is GREEN. No current agro-energy regime alert under this specification.
2019-05-31,85.18,82.01,84.99,88.88,84.42,-0.1048908115627647,-0.11331562061281453,0.08681755975867134,-0.29019892862842667,-0.858951721031427,0.5833229613019841,2.306522532029683,2.397130271104796,2.6828752843256622,1.8261908255509267,2.139775833721318,1.4877920384658618,3.209158303652328,GREEN,IDE-food is GREEN. No current agro-energy regime alert under this specification.
2019-06-30,76.34,84.02,88.06,95.57,83.78,-0.20458091990395566,-0.05690711934131443,0.0711009473902191,-0.6319652417029263,-0.3960626045986151,0.5167104577609395,2.3014714598974546,2.6191977811153513,2.4279856883917477,1.8606532495694896,1.7353252943082664,2.0112935397639093,3.1318912007536976,GREEN,IDE-food is GREEN. No current agro-energy regime alert under this specification.
2019-07-31,77.04,83.03,86.86,92.96,82.71,-0.18859725429059715,-0.03920681631874867,0.0008466888924321125,-0.6057803958093223,-0.2637516835117202,0.258933704688945,2.2501842014097377,2.5221172913857317,2.283762503642622,1.9492759141098575,1.7651117324920083,2.172208429789916,2.8218707737767734,GREEN,IDE-food is GREEN. No current agro-energy regime alert under this specification.
2019-08-31,71.59,80.64,84.69,86.12,81.75,-0.2507244760809719,-0.05077232537342358,-0.033913784016768034,-0.8436779609104581,-0.38835989861194253,0.11605879084010216,2.0412860410258253,2.3542282473516476,2.050188433266757,1.7335514453606697,1.503803644058936,2.020560919958711,2.6449108669180172,GREEN,IDE-food is GREEN. No current agro-energy regime alert under this specification.
2019-09-30,75.56,80.68,84.21,85.02,77.84,-0.26736051752376877,-0.0241241111810222,-0.1077984459087471,-0.9147266087346373,-0.16232667417366758,-0.18835965849493316,1.9649296081090843,2.280138919475825,1.827532321788671,1.8091097259524114,1.4301680073899605,2.2975360384202954,2.2652440992458405,GREEN,IDE-food is GREEN. No current agro-energy regime alert under this specification.
2019-10-31,72.67,82.23,86.3,88.13,77.73,-0.3214391249030344,-0.013888273469846446,-0.12579862560175137,-1.1087429706891474,-0.07894544258084515,-0.3049071140277716,1.8660606786317462,2.250066309932949,1.6515038446693113,1.733641321484107,1.2405265597300585,2.4013694167505455,2.121791694145177,GREEN,IDE-food is GREEN. No current agro-energy regime alert under this specification.
2019-11-30,76.62,85.24,89.91,88.18,75.04,-0.09718308370761708,0.03619385806637432,-0.21586767928515904,-0.34296150180401624,0.37232002852368384,-0.7479222776863879,2.164396383796615,2.2126661146915687,1.8346128526998684,2.4839607641576964,2.07545136357139,2.9600972996939214,1.606370972785726,GREEN,IDE-food is GREEN. No current agro-energy regime alert under this specification.
2019-12-31,79.08,87.14,92.17,89.87,72.63,0.05430610777924194,0.0544753324862457,-0.20807813674001352,0.17489754334232813,0.5455669398293151,-0.7584618345447449,2.449285183453595,2.3046460800059543,2.1378381220365323,2.928206820362565,2.718066340354169,3.1655323845518972,1.5949015584802821,GREEN,IDE-food is GREEN. No current agro-energy regime alert under this specification.
2020-01-31,76.06,88.16,93.87,93.64,72.28,-0.0018389601924866383,0.05658475541778696,-0.18328954414741983,-0.004843977427238483,0.5787722015400089,-0.6767995611144746,2.4188490477774853,2.3784647518666375,2.078049366523045,2.828732135031422,2.493945040055472,3.2039242050990806,1.6848799065109326,GREEN,IDE-food is GREEN. No current agro-energy regime alert under this specification.
2020-02-29,66.31,85.59,90.51,91.86,70.94,-0.18881028695481472,0.02424289482448927,-0.1789326803510063,-0.6327400464935763,0.29203130373726754,-0.6877384589936668,2.0372004410121494,2.2069323543898935,1.7034293439327828,2.2435026126802713,1.7344475022965953,2.8624667841519758,1.6726817649639105,GREEN,IDE-food is GREEN. No current agro-energy regime alert under this specification.
2020-03-31,42.65,82.78,88.03,92.49,72.73,-0.6563713075320443,-0.00024157507062749772,-0.14739063476953973,-2.2312781055462154,0.07563794405394762,-0.5662364696532729,1.3879589455501429,2.1645517514337493,0.9900669259381536,1.187397923997623,0.4848832841141536,2.5945023795770914,1.8105284628452352,GREEN,IDE-food is GREEN. No current agro-energy regime alert under this specification.
2020-04-30,31.63,81.12,85.62,94.53,72.21,-1.0052288004469894,-0.022187914975361878,-0.15965511798036935,-3.3675241041141133,-0.11791425536541131,-0.6604760911821428,0.9537267511404799,1.9944851516498239,0.5887041010352211,0.6690379615129813,0.1666298930858978,2.3527777200246773,1.7031633618948774,GREEN,IDE-food is GREEN. No current agro-energy regime alert under this specification.
2020-05-31,39.25,81.15,85.43,88.23,67.82,-0.7748152202666501,-0.010541897087719576,-0.21894720365686027,-2.4535820795598764,-0.003687381314356162,-0.9794566319079229,1.1550031047558793,1.8536322576294344,0.7616001803185247,1.0517130838442899,0.39588496471655404,2.4953907785796017,1.3649980653458742,GREEN,IDE-food is GREEN. No current agro-energy regime alert under this specification.
2020-06-30,48.52,83.15,88.32,88.91,68.24,-0.4532209632412343,-0.010408660102299017,-0.2051634123354651,-1.3374975215028475,-0.0008072878204019878,-0.9288244362501157,1.5571366166022775,1.887105497404594,1.2178911265413421,1.6363444680083326,1.039609457295291,2.498990890279302,1.4158163587755916,GREEN,IDE-food is GREEN. No current agro-energy regime alert under this specification.
2020-07-31,51.65,84.01,89.2,90.13,71.96,-0.39983457192422245,0.011733851102816217,-0.13923010462148255,-1.1427986792994755,0.20433926761998442,-0.6045495805760971,1.829008717599897,2.212260429571449,1.4724518376267957,1.863042235038611,1.2090344536951712,2.754539020368462,1.7665175626705634,GREEN,IDE-food is GREEN. No current agro-energy regime alert under this specification.
2020-08-31,54.3,86.7,91.17,91.06,78.25,-0.27643117246820426,0.07245907946343788,-0.04375698035709963,-0.7294986840109555,0.7702684506798229,-0.1139709379652555,2.419860176423521,2.865046298495143,1.980508498591119,2.4533823193236826,1.6265237369990209,3.4178948107405267,2.357690336999768,GREEN,IDE-food is GREEN. No current agro-energy regime alert under this specification.
2020-09-30,51.17,89.27,95.16,97.65,79.6,-0.3897736198163084,0.10117477210525916,0.02235865497258782,-1.0805051503529113,1.0374303719542488,0.22652830536174925,2.5154213241970504,3.229186037078261,1.9742284864606139,2.371368133658317,1.2670521677574216,3.6917694519926836,2.781955696865922,GREEN,IDE-food is GREEN. No current agro-energy regime alert under this specification.
2020-10-31,51.62,91.19,98.8,102.76,79.78,-0.3420194503380767,0.10342504296276989,0.026031563235132893,-0.9109277097403992,1.065230062882691,0.25529232287141274,2.6125446712491995,3.2614378567484885,2.0938585325485515,2.501431385335257,1.4340501832940078,3.7184437391694978,2.8173934519294797,GREEN,IDE-food is GREEN. No current agro-energy regime alert under this specification.
2020-11-30,55.3,94.66,104.0,104.8,80.02,-0.3260852307442139,0.10482071724768538,0.06425529873112001,-0.8462520008328827,1.090899734206219,0.4646973659977682,2.741402738676745,3.3999369402287325,2.262249014626931,2.5597611515300214,1.5010983821826176,3.7427555477943417,3.070639643087052,GREEN,IDE-food is GREEN. No current agro-energy regime alert under this specification.
2020-12-31,63.75,97.12,107.34,108.11,81.49,-0.21549081426388028,0.10843130662189182,0.1151022537140518,-0.48279211780431996,1.1403067490578827,0.7458526052908833,3.034336808043536,3.5832537264010305,2.6641761827623793,2.8309590577307397,1.9079651219410683,3.7886797702409876,3.391371659348425,WATCH,IDE-food is in WATCH. Stress is elevated but below the RED threshold.
2021-01-31,69.88,102.23,115.02,119.95,86.17,-0.08474301723425803,0.14807183136431767,0.17577462352764783,-0.0580736395870216,1.5442533818554638,1.0804438960049658,3.4723548940118567,3.924547717645384,3.1254212753332875,3.320324510765539,2.4274283453166188,4.120410956598498,3.7328898867187044,EARLY_AGROENERGY_WATCH,"IDE-food is in EARLY_AGROENERGY_WATCH. Energy and/or fertilizers are elevated, while agriculture has not fully joined the regime. This may correspond to an early latency configuration rather than a full RED regime."
2021-02-28,80.38,103.75,116.63,123.18,105.41,0.1924246736402786,0.19241570521728946,0.3960230589216218,0.8316665704552181,2.0107131676238588,2.258198296369668,4.217607423003138,4.475521812727262,4.120903061293553,3.9916118227984496,3.4835360101206687,4.409586555521767,4.526776805621813,RED_STRUCTURAL,"IDE-food is in RED_STRUCTURAL regime. The agro-energy triad is elevated and remains structurally coherent under soft ablation. Historically, this state is associated with high domestic food-inflation regimes at 6–12 month horizons."
2021-03-31,80.77,102.94,115.31,119.44,111.34,0.6385783355165167,0.21795980790402236,0.4258346285889125,2.260240349967765,2.3392050324672646,2.3684144260041684,4.553328631582033,4.566627720186029,4.550283481386793,4.5430108428649545,4.527650969274574,4.560361762682368,4.57193408853481,RED_STRUCTURAL,"IDE-food is in RED_STRUCTURAL regime. The agro-energy triad is elevated and remains structurally coherent under soft ablation. Historically, this state is associated with high domestic food-inflation regimes at 6–12 month horizons."
2021-04-30,80.8,105.62,119.84,123.65,110.22,0.9378709282094926,0.2639182074359141,0.42289982799199954,3.161314423392283,2.8724018879111783,2.2975425831121012,4.705808100947471,4.642164374526412,4.693704903631661,4.769109251050598,4.796761170090648,4.732325897320545,4.543366560921039,RED_STRUCTURAL,"IDE-food is in RED_STRUCTURAL regime. The agro-energy triad is elevated and remains structurally coherent under soft ablation. Historically, this state is associated with high domestic food-inflation regimes at 6–12 month horizons."
2021-05-31,86.28,111.24,127.64,133.68,116.71,0.7876463772925386,0.31539073540516327,0.5428350887267701,2.5848693265416824,3.4476623939379802,2.8519683630292447,4.74827319710189,4.789944851634093,4.690523944025739,4.759019635380048,4.64940712045709,4.845806758586537,4.7271017041465075,RED_STRUCTURAL,"IDE-food is in RED_STRUCTURAL regime. The agro-energy triad is elevated and remains structurally coherent under soft ablation. Historically, this state is associated with high domestic food-inflation regimes at 6–12 month horizons."
2021-06-30,93.92,108.69,123.38,128.0,135.52,0.6604672720039373,0.267853587936159,0.6860883277203209,2.1437333667613205,2.931908882151145,3.462042349108874,4.7244127224187515,4.807412811769251,4.7141583957428725,4.62333196801393,4.4754086501546615,4.747007266455784,4.847941235132672,RED_STRUCTURAL,"IDE-food is in RED_STRUCTURAL regime. The agro-energy triad is elevated and remains structurally coherent under soft ablation. Historically, this state is associated with high domestic food-inflation regimes at 6–12 month horizons."
2021-07-31,98.29,108.23,122.28,122.74,153.04,0.6434320970128904,0.25332275293029927,0.7545889160496646,2.060968402938659,2.7966272248119424,3.72121796377262,4.729870951469396,4.821195431282724,4.737021903989334,4.584328351564827,4.435256159465516,4.712466466673337,4.881837707050242,RED_STRUCTURAL,"IDE-food is in RED_STRUCTURAL regime. The agro-energy triad is elevated and remains structurally coherent under soft ablation. Historically, this state is associated with high domestic food-inflation regimes at 6–12 month horizons."
2021-08-31,96.32,109.36,122.92,120.73,159.47,0.5731517546206208,0.232191308629198,0.7119469873396183,1.8295841667289807,2.5739217022643923,3.402241907192194,4.655373318913951,4.767334378264216,4.659393601741192,4.489049967312985,4.308560909003755,4.64582124763904,4.8388726350721445,RED_STRUCTURAL,"IDE-food is in RED_STRUCTURAL regime. The agro-energy triad is elevated and remains structurally coherent under soft ablation. Historically, this state is associated with high domestic food-inflation regimes at 6–12 month horizons."
2021-09-30,107.18,108.22,120.31,118.27,160.71,0.7393562412497037,0.1925007070233189,0.7025874057106414,2.2886236451770574,2.1528000863655805,3.25995327063077,4.650374986171338,4.699272795043013,4.7063525153237595,4.512772508780717,4.5396523068965795,4.479650723114421,4.815145634927856,RED_STRUCTURAL,"IDE-food is in RED_STRUCTURAL regime. The agro-energy triad is elevated and remains structurally coherent under soft ablation. Historically, this state is associated with high domestic food-inflation regimes at 6–12 month horizons."
2021-10-31,123.37,110.25,121.93,121.17,205.53,0.8712787757929057,0.18980527238138123,0.9463191622056568,2.6165860713367866,2.1090985055717404,4.0,4.750970937293122,4.79001972957135,4.823561087198458,4.577361587176727,4.65960716336259,4.458921826151898,4.910068950189542,RED_STRUCTURAL,"IDE-food is in RED_STRUCTURAL regime. The agro-energy triad is elevated and remains structurally coherent under soft ablation. Historically, this state is associated with high domestic food-inflation regimes at 6–12 month horizons."
2021-11-30,115.01,111.23,122.95,125.93,240.01,0.7322461725762013,0.16130860512583656,1.0984039857115375,2.1532249836964716,1.7778282883433647,4.0,4.681269063158344,4.757016468035249,4.779588291772019,4.393387139445859,4.479848775485399,4.277142481587069,4.910068950189542,RED_STRUCTURAL,"IDE-food is in RED_STRUCTURAL regime. The agro-energy triad is elevated and remains structurally coherent under soft ablation. Historically, this state is associated with high domestic food-inflation regimes at 6–12 month horizons."
2021-12-31,112.37,111.09,122.9,129.15,243.55,0.5668278138812752,0.13439335628244287,1.0948419469204236,1.6549653743639132,1.4731105886983464,4.0,4.592137606573566,4.7223612338835075,4.720714974380376,4.139653673645534,4.19780503112198,4.067648599261416,4.910068950189542,RED_STRUCTURAL,"IDE-food is in RED_STRUCTURAL regime. The agro-energy triad is elevated and remains structurally coherent under soft ablation. Historically, this state is associated with high domestic food-inflation regimes at 6–12 month horizons."
2022-01-31,121.31,115.44,128.69,133.23,234.71,0.5515697675169724,0.12152573769669317,1.0020286202817754,1.587165954813456,1.3180209853386347,3.5881197906295585,4.504272954318213,4.634623487930344,4.650310246337095,4.059913610704858,4.151084995411978,3.944261308112091,4.865468483362151,RED_STRUCTURAL,"IDE-food is in RED_STRUCTURAL regime. The agro-energy triad is elevated and remains structurally coherent under soft ablation. Historically, this state is associated with high domestic food-inflation regimes at 6–12 month horizons."
2022-02-28,133.31,120.78,136.57,138.64,220.68,0.5059118541045304,0.15198654976894677,0.7388561801371321,1.4397733574808347,1.594594051496581,2.486026475526044,4.322048001758549,4.44204713393525,4.38423223691448,4.096216412040139,4.042097760463112,4.156307362762546,4.615781998341944,RED_STRUCTURAL,"IDE-food is in RED_STRUCTURAL regime. The agro-energy triad is elevated and remains structurally coherent under soft ablation. Historically, this state is associated with high domestic food-inflation regimes at 6–12 month horizons."
2022-03-31,166.73,129.14,152.0,158.69,257.68,0.7247701281181627,0.22675079297371248,0.8391299222675821,2.000325355521265,2.297733410856204,2.747785757798366,4.565131500280922,4.634517606735014,4.5741369723100656,4.4725172985729165,4.40415616994275,4.5434457350203985,4.698940879320313,RED_STRUCTURAL,"IDE-food is in RED_STRUCTURAL regime. The agro-energy triad is elevated and remains structurally coherent under soft ablation. Historically, this state is associated with high domestic food-inflation regimes at 6–12 month horizons."
2022-04-30,153.19,130.37,152.88,164.6,293.73,0.639702015497555,0.2105288143959001,0.9801826095789998,1.7318474697096415,2.0738702533524456,3.1102230138675675,4.5513294360944005,4.6644350132222385,4.592086728145647,4.343608965044784,4.2482428968232595,4.44168722425457,4.786562351204123,RED_STRUCTURAL,"IDE-food is in RED_STRUCTURAL regime. The agro-energy triad is elevated and remains structurally coherent under soft ablation. Historically, this state is associated with high domestic food-inflation regimes at 6–12 month horizons."
2022-05-31,163.63,129.75,153.07,169.04,259.92,0.6400099599198485,0.15391949268023364,0.8006816659365823,1.6968098690911186,1.483362851046174,2.423130329753762,4.342058570338391,4.398393728054774,4.434755859339296,4.158900366958501,4.225588130302033,4.07539991124843,4.592870932901205,RED_STRUCTURAL,"IDE-food is in RED_STRUCTURAL regime. The agro-energy triad is elevated and remains structurally coherent under soft ablation. Historically, this state is associated with high domestic food-inflation regimes at 6–12 month horizons."
2022-06-30,173.48,124.79,145.42,157.93,252.97,0.6136189628873785,0.1381325309446675,0.6241516737178596,1.5949738557715079,1.3062212244668954,1.8241754588926695,4.1520731183459905,4.149641824434009,4.233905535993092,4.058965343715622,4.156573697072838,3.9344007150645828,4.3053319754547985,RED_STRUCTURAL,"IDE-food is in RED_STRUCTURAL regime. The agro-energy triad is elevated and remains structurally coherent under soft ablation. Historically, this state is associated with high domestic food-inflation regimes at 6–12 month horizons."
2022-07-31,171.75,115.58,132.69,144.83,240.38,0.558117638523921,0.06570433858257729,0.45152167939264576,1.422852427631023,0.6018003951066748,1.2601834382068573,3.769575043342833,3.611916341836599,3.963697270634893,3.6980142002451495,4.028925988207231,3.230340500765889,3.895288420146495,RED_STRUCTURAL,"IDE-food is in RED_STRUCTURAL regime. The agro-energy triad is elevated and remains structurally coherent under soft ablation. Historically, this state is associated with high domestic food-inflation regimes at 6–12 month horizons."
2022-08-31,172.77,115.2,131.47,138.38,229.63,0.5842852486261805,0.052024555846096554,0.36461350117089797,1.4627749083867496,0.4647018102223184,0.9750846292399383,3.648066371812855,3.384458062186482,3.859375768900256,3.657381641039839,4.059783614687508,3.0706449089308543,3.6306590566310275,RED_STRUCTURAL,"IDE-food is in RED_STRUCTURAL regime. The agro-energy triad is elevated and remains structurally coherent under soft ablation. Historically, this state is associated with high domestic food-inflation regimes at 6–12 month horizons."
2022-09-30,158.17,113.84,131.25,148.13,232.72,0.38916073990869293,0.05062776156700721,0.37023451562596765,0.9536979921514014,0.44398330819914567,0.9772580079828971,3.4595133890297203,3.375267313405571,3.6210862517104982,3.36132258532225,3.6092913283035966,3.0460388148908883,3.6328190325581757,EARLY_AGROENERGY_WATCH,"IDE-food is in EARLY_AGROENERGY_WATCH. Energy and/or fertilizers are elevated, while agriculture has not fully joined the regime. This may correspond to an early latency configuration rather than a full RED regime."
2022-10-31,146.17,112.96,132.16,156.6,217.9,0.16958235781782793,0.024283259417976488,0.058444233267656465,0.39918315284816563,0.19010856649079727,0.0230201617957187,2.7551135663239497,2.625067865421903,2.7629014695861813,2.8754964547207043,2.992456939977384,2.73692258070311,2.5287739315802313,GREEN,IDE-food is GREEN. No current agro-energy regime alert under this specification.
2022-11-30,139.44,112.35,131.69,150.48,201.87,0.1926153201072749,0.010018869027399901,-0.1730566632722903,0.45242130657592833,0.05388092066886815,-0.6813671488536739,2.4200687922556794,2.0765921026962406,2.357064900218433,2.8335980426015817,3.0560738341039557,2.567334861337091,1.6797811873724802,GREEN,IDE-food is GREEN. No current agro-energy regime alert under this specification.
2022-12-31,130.92,111.6,129.54,143.93,186.64,0.1527894517131685,0.004580366353579279,-0.26614063253937736,0.3495100349630981,0.0023721733986726452,-0.9608049797339824,2.234453508441296,1.8686339650477093,2.1208874772746387,2.7359116949136735,2.9324937931596136,2.502965215357851,1.3835852673645694,GREEN,IDE-food is GREEN. No current agro-energy regime alert under this specification.
2023-01-31,119.29,112.17,130.03,146.46,174.66,-0.01679174948897355,-0.028735336808483503,-0.2955094825478639,-0.0720341813565658,-0.3091587689452996,-1.0416406715008444,1.9082698857298845,1.655103616999761,1.8213976676421884,2.2737751535312047,2.4099961885117054,2.1166004354773054,1.3041677466019792,GREEN,IDE-food is GREEN. No current agro-energy regime alert under this specification.
2023-02-28,110.53,113.29,131.02,145.53,163.96,-0.18739026580272178,-0.06401980599435753,-0.29709119276809304,-0.492335947542102,-0.6381974023881553,-1.0359475862515735,1.6299717348326763,1.4946790559159913,1.5887385999762402,1.8181345758798029,1.8967171635431948,1.7282706631903986,1.3096633318736657,GREEN,IDE-food is GREEN. No current agro-energy regime alert under this specification.
2023-03-31,103.47,111.01,127.57,138.26,158.04,-0.47709402195550776,-0.15127679985376563,-0.488870339479754,-1.202536459199186,-1.4533397790066287,-1.5964068425610285,0.9767362377950515,0.8896934761401757,0.9894998292673848,1.055513137876556,1.1551215093559906,0.9474405143133336,0.84242203731261,GREEN,IDE-food is GREEN. No current agro-energy regime alert under this specification.
2023-04-30,109.26,114.09,130.95,142.63,155.97,-0.337948618057033,-0.1333889510664097,-0.6329972969703554,-0.8472065984643525,-1.267714148316008,-1.994895665462816,1.0090258110464003,0.7992977743299672,0.9724842607362264,1.3045087078510818,1.500095826767994,1.0982440165172596,0.5986994347378437,GREEN,IDE-food is GREEN. No current agro-energy regime alert under this specification.
2023-05-31,96.91,111.48,126.89,136.93,152.47,-0.5238250686943458,-0.15176431943225044,-0.5334060359770296,-1.294926987587533,-1.4273712361807054,-1.6705940318112478,0.9376472804769251,0.8694267747390181,0.9250541132123933,1.0244109980683758,1.075100173095716,0.9675430328051107,0.7917249752683309,GREEN,IDE-food is GREEN. No current agro-energy regime alert under this specification.
2023-06-30,95.17,109.12,122.56,134.36,138.29,-0.6003975528829129,-0.13418413042461097,-0.6039179751450376,-1.4622946593825827,-1.2476025707877967,-1.8539930355798393,0.8863300341732664,0.8581488655725187,0.8000566035911746,1.0185986841365953,0.9405830695416942,1.115577105910189,0.677023750974606,GREEN,IDE-food is GREEN. No current agro-energy regime alert under this specification.
2023-07-31,100.86,109.9,123.93,130.97,145.65,-0.5323065144538797,-0.05039206948005592,-0.501014521119199,-1.2721323596141514,-0.46617259867751815,-1.532806580215523,1.2285912583984904,1.3052541729301326,0.9871226813341285,1.4450974094753197,1.0944622290655768,1.927612686513331,0.8879171032449643,GREEN,IDE-food is GREEN. No current agro-energy regime alert under this specification.
2023-08-31,108.71,108.74,121.67,125.33,157.58,-0.4632774439707825,-0.05771003654401685,-0.37653605211323704,-1.0872228504936028,-0.5410548050578241,-1.1558864206612025,1.3970352995142006,1.474068925268855,1.228615142464951,1.5127911293880565,1.2607079719825134,1.8397112092906127,1.197077736499158,GREEN,IDE-food is GREEN. No current agro-energy regime alert under this specification.
2023-09-30,117.73,110.75,124.46,127.78,157.52,-0.2952765368852921,-0.027518544856351745,-0.3902835798560762,-0.6733323659101318,-0.27172181619310154,-1.1892673626406276,1.622216337070675,1.586958213220882,1.413305373270066,1.9018551991071724,1.6887553518763299,2.1624222029976288,1.166949964932027,GREEN,IDE-food is GREEN. No current agro-energy regime alert under this specification.
2023-10-31,115.68,109.3,122.57,125.53,161.78,-0.23394256949074688,-0.032937378562438724,-0.29779885436076814,-0.52077145441894,-0.33284748691492927,-0.9246552346016258,1.765142347682501,1.713243114280717,1.6339788302037799,1.9658133555516664,1.8633592977178643,2.0877397372860984,1.4200515423691764,GREEN,IDE-food is GREEN. No current agro-energy regime alert under this specification.
2023-11-30,106.2,111.02,123.67,120.05,157.16,-0.2723102924039269,-0.011908633369322352,-0.2503595311780771,-0.6069321529195814,-0.1438749095345769,-0.7916709500836568,1.849467695126979,1.896302550635669,1.6598355052099707,2.0147198696780997,1.7637966626333266,2.320465952365795,1.5590499834385283,GREEN,IDE-food is GREEN. No current agro-energy regime alert under this specification.
2023-12-31,99.61,109.74,120.01,122.65,119.36,-0.2733238884759057,-0.01680711831638071,-0.4470374912577233,-0.6033263025381975,-0.19707417272723027,-1.3506046513190282,1.6117444658561113,1.5307230777465874,1.367471570728454,1.9875807239881107,1.767915287008973,2.25445149258085,1.0288576814530948,GREEN,IDE-food is GREEN. No current agro-energy regime alert under this specification.
2024-01-31,101.18,109.22,118.38,121.03,115.93,-0.16465639443006452,-0.026651380933124358,-0.4098546663032767,-0.3397756155881727,-0.2963190251297247,-1.2371255830269812,1.7253160301882247,1.5470199517962337,1.5625072628630767,2.1037214879949966,2.0793199187519535,2.1322878685896085,1.124683579430139,GREEN,IDE-food is GREEN. No current agro-energy regime alert under this specification.
2024-02-29,102.22,110.51,116.91,116.05,118.0,-0.0781596239827298,-0.0248448882847061,-0.3289378711704716,-0.13259302874270537,-0.2857915905988126,-1.0006182958729446,1.9084733031949073,1.6917025114806474,1.8101020944344364,2.246746594329375,2.334501111493935,2.1451723305359676,1.3440993719574281,GREEN,IDE-food is GREEN. No current agro-energy regime alert under this specification.
2024-03-31,104.23,113.73,117.62,115.22,115.33,0.007318280134371413,0.024206930851797814,-0.3150505813053419,0.07016764007932216,0.17456815626153527,-0.9585134073714888,2.178600215525823,1.9640059196640602,1.953735525174887,2.6477681711325887,2.587673581327479,2.7176577333010474,1.3858796709463705,GREEN,IDE-food is GREEN. No current agro-energy regime alert under this specification.
2024-04-30,109.59,118.13,116.64,113.82,113.8,0.0030157665077288343,0.034798102352151083,-0.31522115937150375,0.05957228961948307,0.27212021022913657,-0.9555828656091088,2.2113336958935657,2.01984964705541,1.9491756561721802,2.6966818677649234,2.574443347589206,2.8380666962918477,1.3888172490103665,GREEN,IDE-food is GREEN. No current agro-energy regime alert under this specification.
2024-05-31,102.62,115.47,118.11,119.29,108.45,0.05725013276736046,0.035165553350017476,-0.3406786181109318,0.18834139754541504,0.27318822327062814,-1.0222978955935655,2.2385490874934133,1.977344190859202,1.9862002711551299,2.7831566147201516,2.734733275821266,2.8393772053867865,1.3229002003693506,GREEN,IDE-food is GREEN. No current agro-energy regime alert under this specification.
2024-06-30,103.77,115.66,115.12,115.64,118.2,0.08651214553293496,0.05820665863492014,-0.15697482450456857,0.2572939354206141,0.4879416300598102,-0.5070843066244763,2.5736734856227206,2.440209445423548,2.344083641096389,2.9497355259622395,2.8198548261221044,3.0981070662507766,1.8793864022739266,GREEN,IDE-food is GREEN. No current agro-energy regime alert under this specification.
2024-07-31,105.98,113.61,113.87,109.08,120.34,0.049516980416036915,0.03320066917223663,-0.19088541361323852,0.16943096432695523,0.245066694969601,-0.6009560414939535,2.4031562740249757,2.237862077220487,2.2313382803285084,2.7545396332795917,2.711283506712872,2.804809381360108,1.770624985090529,GREEN,IDE-food is GREEN. No current agro-energy regime alert under this specification.
2024-08-31,102.65,112.01,111.25,106.34,120.02,-0.05735864275096603,0.029628441305874276,-0.27227487025617503,-0.0844359164472907,0.20713056505556537,-0.8243100008854685,2.1818322902665463,2.06902153299667,1.9416078019593774,2.5626534141791493,2.3945177659597148,2.75799147963574,1.5242476650800991,GREEN,IDE-food is GREEN. No current agro-energy regime alert under this specification.
2024-09-30,95.37,115.14,114.74,111.09,118.72,-0.21062980349928395,0.038873370322418666,-0.2827846549117998,-0.44719637792832867,0.2908350414597788,-0.8462758654642892,2.048186726117654,2.101605426508518,1.7186271065153669,2.366917805840863,1.950137793572861,2.861002763024917,1.501073313959923,GREEN,IDE-food is GREEN. No current agro-energy regime alert under this specification.
2024-10-31,97.67,115.97,116.34,108.59,123.48,-0.16923330895106847,0.059235141786118994,-0.2701581879558477,-0.34758048887299425,0.47673047129948276,-0.8022037131286297,2.177549485195093,2.236079050525336,1.8005438305055317,2.541084705177355,2.0698463446445152,3.084877632634462,1.5477716036163607,GREEN,IDE-food is GREEN. No current agro-energy regime alert under this specification.
2024-11-30,96.51,118.11,116.16,108.58,119.72,-0.09567747888879374,0.061906028361740084,-0.27210871170576123,-0.17469910671724456,0.4932570585844359,-0.7980732033618532,2.26012374476346,2.248262764472397,1.9037263296339222,2.666737552037284,2.282179820308227,3.104367056978787,1.55218915076137,GREEN,IDE-food is GREEN. No current agro-energy regime alert under this specification.
2024-12-31,96.49,122.17,115.05,109.65,119.61,-0.03182318512478144,0.10729958578513887,0.0020923136059218805,-0.027739898538012696,0.9141693217006059,-0.03495072478930296,2.813723809642026,2.9971668203738875,2.4608215681952585,3.0018265125185266,2.4653273501883337,3.569262883486528,2.456316040779387,GREEN,IDE-food is GREEN. No current agro-energy regime alert under this specification.
2025-01-31,103.53,122.35,114.4,109.43,124.29,0.02296031691423117,0.11352159316467336,0.06963098407510948,0.09284602246623731,0.9582328193032634,0.15083302082546146,2.9606256093524976,3.139804657177259,2.6521112759333416,3.1031879121166965,2.6159742281860066,3.6138392331752014,2.688184635123761,GREEN,IDE-food is GREEN. No current agro-energy regime alert under this specification.
2025-02-28,99.16,122.66,113.82,109.5,133.47,-0.0303926461731443,0.10431028559714672,0.1231921090203949,-0.04954650165969455,0.8555672222092566,0.2955636099567007,2.9243236302960183,3.1753466869786053,2.6535671048424168,2.9551177555197152,2.438079539557404,3.5086684440158344,2.86678823943241,GREEN,IDE-food is GREEN. No current agro-energy regime alert under this specification.
2025-03-31,95.06,118.21,110.86,104.74,128.4,-0.09209172456536763,0.03863548556593255,0.10735280701801297,-0.21138828669379162,0.21892265332509284,0.24825544194709925,2.5981748625863745,2.792056931588558,2.523041319589821,2.4840211707747755,2.23674421124433,2.772565578113114,2.808735296084111,GREEN,IDE-food is GREEN. No current agro-energy regime alert under this specification.
2025-04-30,87.89,117.49,110.33,105.12,129.25,-0.22066009689874733,-0.005432489380948091,0.12730599169630796,-0.5391085548535672,-0.21956375649454185,0.3001946019636382,2.3134859428763845,2.575359823186992,2.3508560938560907,2.0166292689269794,1.8419748974048766,2.2266425963919447,2.872450440949206,GREEN,IDE-food is GREEN. No current agro-energy regime alert under this specification.
2025-05-31,84.05,117.77,108.3,102.22,133.2,-0.19962098565919462,0.019722813889692326,0.20556252083340532,-0.4984095584358669,0.008403335479215446,0.5122311961719315,2.5091981758085695,2.8473575570002816,2.5086384892043,2.17129417810232,1.8895725060010145,2.5105041075358794,3.1266468655434827,GREEN,IDE-food is GREEN. No current agro-energy regime alert under this specification.
2025-06-30,92.18,114.44,106.74,100.08,142.98,-0.11843372432482457,-0.010604184548162365,0.19032665536670734,-0.3060839079892567,-0.3091724144934753,0.46502051397877464,2.4536004384940626,2.634495894741052,2.5992831347451806,2.1186139445202774,2.1203544958708913,2.1165837797256017,3.0710225186297424,GREEN,IDE-food is GREEN. No current agro-energy regime alert under this specification.
2025-07-31,91.66,112.31,107.82,96.91,154.53,-0.14516431798363882,-0.011508625606867717,0.25006718245339776,-0.38471477166945367,-0.33512451600308135,0.624223353797687,2.4791137971342048,2.7261890360541083,2.649514223443337,2.0525869108423036,2.024951283198702,2.0849713719714678,3.2558923701506295,GREEN,IDE-food is GREEN. No current agro-energy regime alert under this specification.
2025-08-31,88.08,113.51,106.78,93.97,156.29,-0.15307965105051835,0.013302785743599443,0.2640548602927346,-0.41800876854633684,-0.09694318173372371,0.6556670183504272,2.567605304517955,2.882361614449585,2.6483618702689276,2.1647507166413478,1.9849666618989146,2.378915836866346,3.2914318680561516,GREEN,IDE-food is GREEN. No current agro-energy regime alert under this specification.
2025-09-30,87.58,113.78,107.16,96.79,149.46,-0.08521140221756873,-0.011882019925161913,0.23026101908307428,-0.2616332380669154,-0.3740395962200918,0.5555045279609898,2.488303926080642,2.65789475656962,2.6833398146551057,2.11128732249914,2.1748113228623582,2.037826372636021,3.177058690503329,GREEN,IDE-food is GREEN. No current agro-energy regime alert under this specification.
2025-10-31,84.28,111.55,106.3,95.49,139.55,-0.14744986052339737,-0.0388586160900708,0.12234376034837258,-0.4391147399259693,-0.6743483384166796,0.2543053342802942,2.168233681295456,2.2826698970213752,2.38457623984234,1.8320094191030432,1.959759646061495,1.6876192995424928,2.8161795258037583,GREEN,IDE-food is GREEN. No current agro-energy regime alert under this specification.
2025-11-30,83.96,112.51,108.97,98.77,140.52,-0.13930613496661248,-0.04857428704077549,0.1601941444131283,-0.43099889430126614,-0.7931630915931415,0.3530460105246152,2.170389485680014,2.280598916447801,2.4512856145745343,1.7738334607898594,1.9694391503774686,1.557449480798696,2.936780165657381,GREEN,IDE-food is GREEN. No current agro-energy regime alert under this specification.
2025-12-31,82.92,112.14,109.44,102.68,132.85,-0.15156308846471322,-0.08566542672044175,0.10498422214444947,-0.47645856414729904,-1.2092636131788737,0.19708291592956628,1.9342642583896046,1.9444266515777953,2.325673592457087,1.5344745259088521,1.9154436586228667,1.1491568602533662,2.7455593309847726,GREEN,IDE-food is GREEN. No current agro-energy regime alert under this specification.
2026-01-31,92.85,111.65,110.97,102.22,136.07,-0.10887613797930662,-0.09151681160251446,0.09055191444534749,-0.3741150945964264,-1.2847080617188726,0.15404341037892255,1.9320386937254954,1.8759726319081955,2.362593810940205,1.5561354636098284,2.0377352256597403,1.0837493654467767,2.692174398360543,GREEN,IDE-food is GREEN. No current agro-energy regime alert under this specification.
2026-02-28,92.4,109.9,113.46,104.26,144.96,-0.07060772851935138,-0.1098454387882617,0.08258110880860947,-0.28142478899080736,-1.4935106737060388,0.12767896753426752,1.885513328433841,1.748267759597558,2.4039561540793035,1.5067799788297935,2.150522523627568,0.9169768955841018,2.659382248517652,GREEN,IDE-food is GREEN. No current agro-energy regime alert under this specification.
2026-03-31,130.64,111.53,116.68,105.29,182.99,0.3179371774763462,-0.058169090755840536,0.35428111528373485,0.7564997535738084,-0.9328631894029735,0.8645477553143261,2.8569293020400424,2.543712385967641,3.4611055098384913,2.4709935265883387,3.4029665523932873,1.4117209832718434,3.518049671119656,GREEN,IDE-food is GREEN. No current agro-energy regime alert under this specification.
2026-04-30,146.7,113.29,118.52,107.6,208.7,0.5123036525723821,-0.036402320694083556,0.47914930069461636,1.270642563526033,-0.6974375010798912,1.1922193396679437,3.288172488483164,2.8967065927453586,3.8703446306535336,2.9479829062464065,3.904263621742996,1.661903057408736,3.835688781813989,EARLY_AGROENERGY_WATCH,"IDE-food is in EARLY_AGROENERGY_WATCH. Energy and/or fertilizers are elevated, while agriculture has not fully joined the regime. This may correspond to an early latency configuration rather than a full RED regime."
2026-05-31,133.91,116.11,120.8,112.73,199.71,0.4657560726528498,-0.014195552214542495,0.40501455617443316,1.1227413396985222,-0.45573383325144173,0.9705353739322525,3.223619236960098,2.887180706610784,3.700644245582553,2.986484010468424,3.7724842634840283,1.939991819216856,3.6261309815426714,EARLY_AGROENERGY_WATCH,"IDE-food is in EARLY_AGROENERGY_WATCH. Energy and/or fertilizers are elevated, while agriculture has not fully joined the regime. This may correspond to an early latency configuration rather than a full RED regime."
